Model	Transcription factor	Model length	Quality	Model rank	Consensus	Model release	Data source	Best auROC (human)	Best auROC (mouse)	Peak sets in benchmark (human)	Peak sets in benchmark (mouse)	Aligned words	TF family	TF subfamily	HGNC	EntrezGene	UniProt ID	UniProt AC
AHR_HUMAN.H11MO.0.B	AHR	9	B	0	dKhGCGTGh	HOCOMOCOv9	Integrative					157	PAS domain factors{1.2.5}	Ahr-like factors{1.2.5.1}	348	196		P35869
AIRE_HUMAN.H11MO.0.C	AIRE	18	C	0	hnnGGWWnddWWGGdbWh	HOCOMOCOv9	Integrative					41	AIRE{5.3.1}	AIRE{5.3.1.0.1}	360	326		O43918
ALX1_HUMAN.H11MO.0.B	ALX1	12	B	0	vTRATYGnATTA	HOCOMOCOv9	Integrative					33	Paired-related HD factors{3.1.3}	ALX{3.1.3.1}	1494	8092		Q15699
ANDR_HUMAN.H11MO.0.A	AR	18	A	0	WKThYYddbhTRTTTRYh	HOCOMOCOv11	ChIP-Seq	0.9598370988250885	0.8107911506420812	461	57	499	Steroid hormone receptors (NR3){2.1.1}	GR-like receptors (NR3C){2.1.1.1}	644	367		P10275
AP2A_HUMAN.H11MO.0.A	TFAP2A	15	A	0	dddSCCTGRGGShdd	HOCOMOCOv10	ChIP-Seq	0.9555608662042089	0.9365864911042728	13	13	500	AP-2{1.3.1}	AP-2alpha{1.3.1.0.1}	11742	7020		P05549
AP2B_HUMAN.H11MO.0.B	TFAP2B	10	B	0	GSCYGRGGRv	HOCOMOCOv9	Integrative					30	AP-2{1.3.1}	AP-2beta{1.3.1.0.2}	11743	7021		Q92481
AP2C_HUMAN.H11MO.0.A	TFAP2C	14	A	0	vddSCCTGRGGShv	HOCOMOCOv10	ChIP-Seq	0.9499485425553528	0.9411843891267421	18	6	501	AP-2{1.3.1}	AP-2gamma{1.3.1.0.3}	11744	7022		Q92754
ARI5B_HUMAN.H11MO.0.C	ARID5B	13	C	0	nbYKnRTATTSKd	HOCOMOCOv9	Integrative					19	ARID-related factors{3.7.1}	ARID5{3.7.1.5}	17362	84159		Q14865
ARNT_HUMAN.H11MO.0.B	ARNT	9	B	0	vdRCGTGMh	HOCOMOCOv11	ChIP-Seq	0.9357768582276432		8		500	PAS domain factors{1.2.5}	Arnt-like factors{1.2.5.2}	700	405		P27540
ASCL1_HUMAN.H11MO.0.A	ASCL1	14	A	0	hnvCASCTGYYbhh	HOCOMOCOv11	ChIP-Seq	0.9854986708777856	0.9804932792965144	30	25	480	MyoD / ASC-related factors{1.2.2}	Achaete-Scute-like factors{1.2.2.2}	738	429		P50553
ATF1_HUMAN.H11MO.0.B	ATF1	11	B	0	ndRTGACGYvd	HOCOMOCOv11	ChIP-Seq	0.8916840806919651		6		500	CREB-related factors{1.1.7}	CREB-like factors{1.1.7.1}	783	466		P18846
ATF2_HUMAN.H11MO.0.B	ATF2	11	B	0	dvTGAbGWMAb	HOCOMOCOv11	ChIP-Seq	0.7508853198428019	0.8493368940353917	8	4	502	Jun-related factors{1.1.1}	ATF-2-like factors{1.1.1.3}	784	1386		P15336
ATF3_HUMAN.H11MO.0.A	ATF3	11	A	0	dRTSACGTRRb	HOCOMOCOv11	ChIP-Seq	0.9278184793615915	0.7641801177857587	36	16	505	Fos-related factors{1.1.2}	ATF-3-like factors{1.1.2.2}	785	467		P18847
ATF4_HUMAN.H11MO.0.A	ATF4	12	A	0	dnMTGATGCAAY	HOCOMOCOv11	ChIP-Seq	0.9978820079715129	0.9511104947833138	18	9	500	ATF-4-related factors{1.1.6}	ATF-4{1.1.6.0.1}	786	468		P18848
ATF6A_HUMAN.H11MO.0.B	ATF6	12	B	0	vKSSTGACGTGG	HOCOMOCOv9	Integrative					20	CREB-related factors{1.1.7}	ATF-6 factors{1.1.7.3}	791	22926		P18850
ATOH1_HUMAN.H11MO.0.B	ATOH1	9	B	0	RRCAGMTGK	HOCOMOCOv11	ChIP-Seq	0.7590240511063262	0.988369181247659	3	4	502	Tal-related factors{1.2.3}	Neurogenin / Atonal-like factors{1.2.3.4}	797	474		Q92858
BACH1_HUMAN.H11MO.0.A	BACH1	13	A	0	YGCTGAGTCMbbb	HOCOMOCOv10	ChIP-Seq					502	Jun-related factors{1.1.1}	NF-E2-like factors{1.1.1.2}	935	571		O14867
BACH2_HUMAN.H11MO.0.A	BACH2	11	A	0	WGCTKWSTCAb	HOCOMOCOv11	ChIP-Seq	0.925807020287694	0.9802412648962566	10	3	500	Jun-related factors{1.1.1}	NF-E2-like factors{1.1.1.2}	14078	60468		Q9BYV9
BATF3_HUMAN.H11MO.0.B	BATF3	17	B	0	ndSTTYChnWhTGAbdn	HOCOMOCOv11	ChIP-Seq		0.9633355429849693		5	500	B-ATF-related factors{1.1.4}	B-ATF-3{1.1.4.0.3}	28915	55509		Q9NR55
BATF_HUMAN.H11MO.0.A	BATF	18	A	0	dbTYYYddWWTGASTnWb	HOCOMOCOv11	ChIP-Seq	0.9632187902020902	0.9378874346601555	10	20	500	B-ATF-related factors{1.1.4}	B-ATF{1.1.4.0.1}	958	10538		Q16520
BC11A_HUMAN.H11MO.0.A	BCL11A	17	A	0	vdvRvRGGAAvYRRvRv	HOCOMOCOv10	ChIP-Seq	0.8995846814710695		10		500	Factors with multiple dispersed zinc fingers{2.3.4}	BCL11{2.3.4.15}	13221	53335		Q9H165
BCL6_HUMAN.H11MO.0.A	BCL6	13	A	0	bdMYYTCYAGGAA	HOCOMOCOv11	ChIP-Seq	0.8023034718236186	0.8735917781870851	27	11	500	More than 3 adjacent zinc finger factors{2.3.3}	BCL6 factors{2.3.3.22}	1001	604		P41182
BHA15_HUMAN.H11MO.0.B	BHLHA15	11	B	0	vvRRCAGCTGK	HOCOMOCOv11	ChIP-Seq		0.9880967602630606		6	500	Tal-related factors{1.2.3}	Neurogenin / Atonal-like factors{1.2.3.4}	22265	168620		Q7RTS1
BHE40_HUMAN.H11MO.0.A	BHLHE40	10	A	0	dKCACGTGMv	HOCOMOCOv11	ChIP-Seq	0.8547229948972103	0.9534217635897596	10	5	508	Hairy-related factors{1.2.4}	Hairy-like factors{1.2.4.1}	1046	8553		O14503
BMAL1_HUMAN.H11MO.0.A	ARNTL	11	A	0	nSCAYGTGhbb	HOCOMOCOv11	ChIP-Seq	0.86415613517611	0.8750691697713978	18	15	410	PAS domain factors{1.2.5}	Arnt-like factors{1.2.5.2}	701	406		O00327
BRAC_HUMAN.H11MO.0.A	T	20	A	0	bYvvMRdvnvdSTGWKARdd	HOCOMOCOv11	ChIP-Seq	0.835236927046628	0.8177607198713152	9	10	500	Brachyury-related factors{6.5.1}	T (Brachyury){6.5.1.0.1}	11515	6862		O15178
CDX1_HUMAN.H11MO.0.C	CDX1	8	C	0	hTTKAWGd	HOCOMOCOv9	Integrative					30	HOX-related factors{3.1.1}	CDX (Caudal type homeobox){3.1.1.9}	1805	1044		P47902
CDX2_HUMAN.H11MO.0.A	CDX2	12	A	0	dTTbATKGShbY	HOCOMOCOv11	ChIP-Seq	0.9230495654180837	0.9821167366315617	13	23	151	HOX-related factors{3.1.1}	CDX (Caudal type homeobox){3.1.1.9}	1806	1045		Q99626
CEBPA_HUMAN.H11MO.0.A	CEBPA	12	A	0	dRTTKhGCAAYv	HOCOMOCOv11	ChIP-Seq	0.9833758916596517	0.9905025516753264	18	153	500	C/EBP-related{1.1.8}	C/EBP{1.1.8.1}	1833	1050		P49715
CEBPB_HUMAN.H11MO.0.A	CEBPB	12	A	0	dRTTRhGCAAYv	HOCOMOCOv11	ChIP-Seq	0.9814531580231693	0.9853104253547579	65	158	457	C/EBP-related{1.1.8}	C/EBP{1.1.8.1}	1834	1051		P17676
CEBPD_HUMAN.H11MO.0.C	CEBPD	11	C	0	vTTGCdYMAbh	HOCOMOCOv11	ChIP-Seq	0.8307873228962261		10		500	C/EBP-related{1.1.8}	C/EBP{1.1.8.1}	1835	1052		P49716
CEBPE_HUMAN.H11MO.0.A	CEBPE	12	A	0	dTKSGMAAThdb	HOCOMOCOv9	Integrative					803	C/EBP-related{1.1.8}	C/EBP{1.1.8.1}	1836	1053		Q15744
CEBPG_HUMAN.H11MO.0.B	CEBPG	12	B	0	RTTRCATCAKhh	HOCOMOCOv11	ChIP-Seq	0.7381304298224647	0.9717316383451872	2	4	501	C/EBP-related{1.1.8}	C/EBP{1.1.8.1}	1837	1054		P53567
CLOCK_HUMAN.H11MO.0.C	CLOCK	14	C	0	SdvnCAMRYGvvvh	HOCOMOCOv11	ChIP-Seq	0.6582184697413299	0.7345348064028436	5	22	253	PAS domain factors{1.2.5}	Arnt-like factors{1.2.5.2}	2082	9575		O15516
COE1_HUMAN.H11MO.0.A	EBF1	15	A	0	vdbYCCCMWGGGRvh	HOCOMOCOv11	ChIP-Seq	0.9941768524009118	0.9921946164836988	17	55	500	Early B-Cell Factor-related factors{6.1.5}	EBF1 (COE1){6.1.5.0.1}	3126	1879		Q9UH73
COT1_HUMAN.H11MO.0.C	NR2F1	17	C	0	vRRRbvRRAGGKCAdvv	HOCOMOCOv11	ChIP-Seq	0.8792893712103934		3		501	RXR-related receptors (NR2){2.1.3}	COUP-like receptors (NR2F){2.1.3.5}	7975	7025		P10589
COT2_HUMAN.H11MO.0.A	NR2F2	13	A	0	vMRAGGTCAdvdd	HOCOMOCOv10	ChIP-Seq	0.9337304981208242	0.8334154317467525	28	3	509	RXR-related receptors (NR2){2.1.3}	COUP-like receptors (NR2F){2.1.3.5}	7976	7026		P24468
CREB1_HUMAN.H11MO.0.A	CREB1	11	A	0	ndRTGACGYhW	HOCOMOCOv11	ChIP-Seq	0.9267877376024539	0.8882756098039869	63	8	501	CREB-related factors{1.1.7}	CREB-like factors{1.1.7.1}	2345	1385		P16220
CREM_HUMAN.H11MO.0.C	CREM	11	C	0	SRvTGACGTSA	HOCOMOCOv9	Integrative					30	CREB-related factors{1.1.7}	CREB-like factors{1.1.7.1}	2352	1390		Q03060
CRX_HUMAN.H11MO.0.B	CRX	13	B	0	hvRdvGGATTAdv	HOCOMOCOv11	ChIP-Seq		0.93346949847898		8	500	Paired-related HD factors{3.1.3}	OTX{3.1.3.17}	2383	1406		O43186
CTCFL_HUMAN.H11MO.0.A	CTCFL	17	A	0	bCCdShAGGKGGCGShv	HOCOMOCOv11	ChIP-Seq	0.9741001379550412	0.9931018574486028	25	8	450	More than 3 adjacent zinc finger factors{2.3.3}	CTCF-like factors{2.3.3.50}	16234	140690		Q8NI51
CTCF_HUMAN.H11MO.0.A	CTCF	19	A	0	bbdCCRSYAGGKGGCRSbv	HOCOMOCOv11	ChIP-Seq	0.9974884129585398	0.9984594112518193	502	263	500	More than 3 adjacent zinc finger factors{2.3.3}	CTCF-like factors{2.3.3.50}	13723	10664		P49711
CUX1_HUMAN.H11MO.0.C	CUX1	14	C	0	vbRvndATYRRTbb	HOCOMOCOv9	Integrative					97	HD-CUT factors{3.1.9}	CUX{3.1.9.2}	2557	1523		P39880
DBP_HUMAN.H11MO.0.B	DBP	11	B	0	vTKRYGTAAbv	HOCOMOCOv9	Integrative					26	C/EBP-related{1.1.8}	PAR factors{1.1.8.2}	2697	1628		Q10586
DLX3_HUMAN.H11MO.0.C	DLX3	10	C	0	RMTAATTRvh	HOCOMOCOv9	Integrative					35	NK-related factors{3.1.2}	DLX{3.1.2.5}	2916	1747		O60479
DUX4_HUMAN.H11MO.0.A	DUX4	11	A	0	TGATTRRRTTA	HOCOMOCOv11	ChIP-Seq	0.9958192251925843		5		500	Paired-related HD factors{3.1.3}	DUX{3.1.3.7}	50800	100288687		Q9UBX2
E2F1_HUMAN.H11MO.0.A	E2F1	14	A	0	vvndSGCGGGARvd	HOCOMOCOv11	ChIP-Seq	0.9189440695501387	0.9579509427008406	80	21	500	E2F-related factors{3.3.2}	E2F{3.3.2.1}	3113	1869		Q01094
E2F2_HUMAN.H11MO.0.B	E2F2	10	B	0	RGCGCGMAWC	HOCOMOCOv9	Integrative					8	E2F-related factors{3.3.2}	E2F{3.3.2.1}	3114	1870		Q14209
E2F3_HUMAN.H11MO.0.A	E2F3	11	A	0	ddRGMKGGARv	HOCOMOCOv11	ChIP-Seq	0.887615426532588	0.9163100517363707	3	22	500	E2F-related factors{3.3.2}	E2F{3.3.2.1}	3115	1871		O00716
E2F4_HUMAN.H11MO.0.A	E2F4	13	A	0	vddSGCGGGRvvd	HOCOMOCOv11	ChIP-Seq	0.9558437898932881	0.977491655702651	15	37	500	E2F-related factors{3.3.2}	E2F{3.3.2.1}	3118	1874		Q16254
E2F5_HUMAN.H11MO.0.B	E2F5	10	B	0	nGCGCCAAAh	HOCOMOCOv9	Integrative					12	E2F-related factors{3.3.2}	E2F{3.3.2.1}	3119	1875		Q15329
E2F6_HUMAN.H11MO.0.A	E2F6	13	A	0	dRRGMGGGARvvv	HOCOMOCOv11	ChIP-Seq	0.9015018806913673		17		500	E2F-related factors{3.3.2}	E2F{3.3.2.1}	3120	1876		O75461
E2F7_HUMAN.H11MO.0.B	E2F7	13	B	0	vdRGCGGGARvdv	HOCOMOCOv11	ChIP-Seq	0.8458560638283186		16		500	E2F-related factors{3.3.2}	E2F{3.3.2.1}	23820	144455		Q96AV8
EGR1_HUMAN.H11MO.0.A	EGR1	17	A	0	vnvdGhGKGGGYGKndv	HOCOMOCOv11	ChIP-Seq	0.9888154066660373	0.9811818654962672	36	12	500	Three-zinc finger Krüppel-related factors{2.3.1}	EGR factors{2.3.1.3}	3238	1958		P18146
EGR2_HUMAN.H11MO.0.A	EGR2	18	A	0	RdRdvdShGKGGGhGKdR	HOCOMOCOv11	ChIP-Seq	0.9874298780140457	0.9628558834121532	4	25	507	Three-zinc finger Krüppel-related factors{2.3.1}	EGR factors{2.3.1.3}	3239	1959		P11161
EHF_HUMAN.H11MO.0.B	EHF	15	B	0	ndAbSAGGAAGYdvv	HOCOMOCOv11	ChIP-Seq	0.9662325705013194	0.6538707282589945	5	3	500	Ets-related factors{3.5.2}	EHF-like factors{3.5.2.4}	3246	26298		Q9NZC4
ELF1_HUMAN.H11MO.0.A	ELF1	14	A	0	vvdvSMGGAAGYvv	HOCOMOCOv11	ChIP-Seq	0.9915465391281322	0.9752304268098749	43	5	500	Ets-related factors{3.5.2}	Elf-1-like factors{3.5.2.3}	3316	1997		P32519
ELF2_HUMAN.H11MO.0.C	ELF2	13	C	0	vdvSCGGAAGhvv	HOCOMOCOv11	ChIP-Seq	0.8933342211845468		2		500	Ets-related factors{3.5.2}	Elf-1-like factors{3.5.2.3}	3317	1998		Q15723
ELF3_HUMAN.H11MO.0.A	ELF3	14	A	0	vdAbSAGGAARYdv	HOCOMOCOv11	ChIP-Seq	0.9794306047462702		11		500	Ets-related factors{3.5.2}	EHF-like factors{3.5.2.4}	3318	1999		P78545
ELF5_HUMAN.H11MO.0.A	ELF5	15	A	0	vvvAbSMGGAAGhdv	HOCOMOCOv11	ChIP-Seq	0.9853138814651448	0.9302948703468944	3	12	500	Ets-related factors{3.5.2}	EHF-like factors{3.5.2.4}	3320	2001		Q9UKW6
ELK1_HUMAN.H11MO.0.B	ELK1	11	B	0	vCCGGAAGTKv	HOCOMOCOv11	ChIP-Seq	0.9798050227276717	0.6826768877601574	4	7	500	Ets-related factors{3.5.2}	Elk-like factors{3.5.2.2}	3321	2002		P19419
ELK4_HUMAN.H11MO.0.A	ELK4	12	A	0	vvCCGGAARYRv	HOCOMOCOv11	ChIP-Seq	0.9661342948130116	0.6375935542349742	13	4	500	Ets-related factors{3.5.2}	Elk-like factors{3.5.2.2}	3326	2005		P28324
EPAS1_HUMAN.H11MO.0.B	EPAS1	9	B	0	vdACGTGhh	HOCOMOCOv11	ChIP-Seq	0.8376230322509763		24		500	PAS domain factors{1.2.5}	Ahr-like factors{1.2.5.1}	3374	2034		Q99814
ERG_HUMAN.H11MO.0.A	ERG	13	A	0	vvRSAGGAAGbvv	HOCOMOCOv11	ChIP-Seq	0.9835412287254248	0.8773869317087293	79	16	500	Ets-related factors{3.5.2}	Ets-like factors{3.5.2.1}	3446	2078		P11308
ERR1_HUMAN.H11MO.0.A	ESRRA	15	A	0	bYSAAGGTCAhhndv	HOCOMOCOv11	ChIP-Seq	0.9562102636120986	0.9741551217375509	31	3	284	Steroid hormone receptors (NR3){2.1.1}	ER-like receptors (NR3A&B){2.1.1.2}	3471	2101		P11474
ERR2_HUMAN.H11MO.0.A	ESRRB	9	A	0	bSAAGGTCA	HOCOMOCOv9	Integrative					3687	Steroid hormone receptors (NR3){2.1.1}	ER-like receptors (NR3A&B){2.1.1.2}	3473	2103		O95718
ERR3_HUMAN.H11MO.0.B	ESRRG	9	B	0	TYAAGGTCA	HOCOMOCOv9	Integrative					14	Steroid hormone receptors (NR3){2.1.1}	ER-like receptors (NR3A&B){2.1.1.2}	3474	2104		P62508
ESR1_HUMAN.H11MO.0.A	ESR1	15	A	0	RGGKCAbCvWGMCCY	HOCOMOCOv11	ChIP-Seq	0.9713172853173804	0.9947568002273259	432	58	500	Steroid hormone receptors (NR3){2.1.1}	ER-like receptors (NR3A&B){2.1.1.2}	3467	2099		P03372
ESR2_HUMAN.H11MO.0.A	ESR2	15	A	0	RGGbCRbCbYGhCCY	HOCOMOCOv11	ChIP-Seq	0.9439816747063489	0.9407637117799258	11	7	497	Steroid hormone receptors (NR3){2.1.1}	ER-like receptors (NR3A&B){2.1.1.2}	3468	2100		Q92731
ETS1_HUMAN.H11MO.0.A	ETS1	13	A	0	vvRSMGGAAGYRR	HOCOMOCOv11	ChIP-Seq	0.962713402592701	0.927386863426051	45	33	500	Ets-related factors{3.5.2}	Ets-like factors{3.5.2.1}	3488	2113		P14921
ETS2_HUMAN.H11MO.0.B	ETS2	13	B	0	ddvdRGAARvRdv	HOCOMOCOv11	ChIP-Seq		0.8363364713017496		12	500	Ets-related factors{3.5.2}	Ets-like factors{3.5.2.1}	3489	2114		P15036
ETV1_HUMAN.H11MO.0.A	ETV1	11	A	0	vvCCGGAAGbv	HOCOMOCOv11	ChIP-Seq	0.9412504516657632		8		500	Ets-related factors{3.5.2}	Elk-like factors{3.5.2.2}	3490	2115		P50549
ETV2_HUMAN.H11MO.0.B	ETV2	16	B	0	vvvRRCAGGAARYvSv	HOCOMOCOv11	ChIP-Seq		0.9808530108240284		6	230	Ets-related factors{3.5.2}	Ets-like factors{3.5.2.1}	3491	2116		O00321
ETV4_HUMAN.H11MO.0.B	ETV4	11	B	0	vdSAGGAARbd	HOCOMOCOv11	ChIP-Seq	0.8188166758332946		5		500	Ets-related factors{3.5.2}	Elk-like factors{3.5.2.2}	3493	2118		P43268
ETV5_HUMAN.H11MO.0.C	ETV5	14	C	0	vddvAGGRARddvv	HOCOMOCOv11	ChIP-Seq	0.8674985144110013		3		500	Ets-related factors{3.5.2}	Elk-like factors{3.5.2.2}	3494	2119		P41161
EVI1_HUMAN.H11MO.0.B	MECOM	16	B	0	dWGAYAAGATAAnMbd	HOCOMOCOv9	Integrative					141	Factors with multiple dispersed zinc fingers{2.3.4}	Evi-1-like factors{2.3.4.14}	3498	2122		Q03112
FEV_HUMAN.H11MO.0.B	FEV	10	B	0	vvvRGARRhS	HOCOMOCOv11	ChIP-Seq	0.7533601895926533	0.8867482177593027	2	4	498	Ets-related factors{3.5.2}	Ets-like factors{3.5.2.1}	18562	54738		Q99581
FEZF1_HUMAN.H11MO.0.C	FEZF1	12	C	0	dhTGYYYWTTYh	HOCOMOCOv11	ChIP-Seq	0.8008072018979498		3		500	More than 3 adjacent zinc finger factors{2.3.3}	FEZF factors{2.3.3.20}	22788	389549		A0PJY2
FLI1_HUMAN.H11MO.0.A	FLI1	18	A	0	vvdRRMAGGAAGbvRvvv	HOCOMOCOv11	ChIP-Seq	0.9874379751028534	0.8918543167295993	50	32	529	Ets-related factors{3.5.2}	Ets-like factors{3.5.2.1}	3749	2313		Q01543
FOSB_HUMAN.H11MO.0.A	FOSB	9	A	0	vTGAGTCAb	HOCOMOCOv11	ChIP-Seq	0.9742661811613901	0.9169250542776645	2	27	500	Fos-related factors{1.1.2}	Fos factors{1.1.2.1}	3797	2354		P53539
FOSL1_HUMAN.H11MO.0.A	FOSL1	12	A	0	ddvTGAGTCAbh	HOCOMOCOv11	ChIP-Seq	0.9875559149257201	0.9519243475923495	21	2	500	Fos-related factors{1.1.2}	Fos factors{1.1.2.1}	13718	8061		P15407
FOSL2_HUMAN.H11MO.0.A	FOSL2	12	A	0	ndRTGAGTCAYh	HOCOMOCOv11	ChIP-Seq	0.9965798870068836	0.9757208463865694	27	5	500	Fos-related factors{1.1.2}	Fos factors{1.1.2.1}	3798	2355		P15408
FOS_HUMAN.H11MO.0.A	FOS	9	A	0	vTGAGTCAb	HOCOMOCOv11	ChIP-Seq	0.9931080319292884	0.9293597908654722	38	50	500	Fos-related factors{1.1.2}	Fos factors{1.1.2.1}	3796	2353		P01100
FOXA1_HUMAN.H11MO.0.A	FOXA1	12	A	0	TGTTTACWYWdb	HOCOMOCOv11	ChIP-Seq	0.9881628940583935	0.9743991379777999	199	28	500	Forkhead box (FOX) factors{3.3.1}	FOXA{3.3.1.1}	5021	3169		P55317
FOXA2_HUMAN.H11MO.0.A	FOXA2	12	A	0	TGTTTACWbWdb	HOCOMOCOv11	ChIP-Seq	0.9819481396537261	0.9881869537374977	22	34	500	Forkhead box (FOX) factors{3.3.1}	FOXA{3.3.1.1}	5022	3170		Q9Y261
FOXA3_HUMAN.H11MO.0.B	FOXA3	13	B	0	bhTGTTTACWbWd	HOCOMOCOv11	ChIP-Seq		0.9876773159501291		6	500	Forkhead box (FOX) factors{3.3.1}	FOXA{3.3.1.1}	5023	3171		P55318
FOXC1_HUMAN.H11MO.0.C	FOXC1	15	C	0	bnhTGTTTACWTAvS	HOCOMOCOv9	Integrative					26	Forkhead box (FOX) factors{3.3.1}	FOXC{3.3.1.3}	3800	2296		Q12948
FOXH1_HUMAN.H11MO.0.A	FOXH1	9	A	0	WGTGKATTb	HOCOMOCOv11	ChIP-Seq	0.9734280015908736		7		487	Forkhead box (FOX) factors{3.3.1}	FOXH{3.3.1.8}	3814	8928		O75593
FOXI1_HUMAN.H11MO.0.B	FOXI1	12	B	0	hWbTGATTGGYb	HOCOMOCOv9	Integrative					210	Forkhead box (FOX) factors{3.3.1}	FOXI{3.3.1.9}	3815	2299		Q12951
FOXJ2_HUMAN.H11MO.0.C	FOXJ2	10	C	0	TRTTTATYTd	HOCOMOCOv9	Integrative					41	Forkhead box (FOX) factors{3.3.1}	FOXJ{3.3.1.10}	24818	55810		Q9P0K8
FOXJ3_HUMAN.H11MO.0.A	FOXJ3	13	A	0	dTGTTTATKKTTd	HOCOMOCOv9	Integrative					550	Forkhead box (FOX) factors{3.3.1}	FOXJ{3.3.1.10}	29178	22887		Q9UPW0
FOXK1_HUMAN.H11MO.0.A	FOXK1	10	A	0	TGTTThYhhb	HOCOMOCOv11	ChIP-Seq	0.85696397942611	0.7810826178435348	11	4	506	Forkhead box (FOX) factors{3.3.1}	FOXK{3.3.1.11}	23480	221937		P85037
FOXM1_HUMAN.H11MO.0.A	FOXM1	12	A	0	TRTTTRYWbWbn	HOCOMOCOv11	ChIP-Seq	0.8818092265856813		66		500	Forkhead box (FOX) factors{3.3.1}	FOXM{3.3.1.13}	3818	2305		Q08050
FOXO1_HUMAN.H11MO.0.A	FOXO1	12	A	0	dbbbTGTTKhYn	HOCOMOCOv11	ChIP-Seq	0.8828403930566026	0.9012024248693655	9	21	500	Forkhead box (FOX) factors{3.3.1}	FOXO{3.3.1.15}	3819	2308		Q12778
FOXO3_HUMAN.H11MO.0.B	FOXO3	10	B	0	bbTGTTTWCh	HOCOMOCOv11	ChIP-Seq	0.6682865947498052	0.94672793343074	2	7	500	Forkhead box (FOX) factors{3.3.1}	FOXO{3.3.1.15}	3821	2309		O43524
FOXO4_HUMAN.H11MO.0.C	FOXO4	9	C	0	bTGTTTAbK	HOCOMOCOv9	Integrative					28	Forkhead box (FOX) factors{3.3.1}	FOXO{3.3.1.15}	7139	4303		P98177
FOXP1_HUMAN.H11MO.0.A	FOXP1	9	A	0	KbTGTTTMY	HOCOMOCOv11	ChIP-Seq	0.8865684438739238		21		296	Forkhead box (FOX) factors{3.3.1}	FOXP{3.3.1.16}	3823	27086		Q9H334
FOXP2_HUMAN.H11MO.0.C	FOXP2	9	C	0	bTGTTTMCh	HOCOMOCOv11	ChIP-Seq	0.9622310693081376		2		500	Forkhead box (FOX) factors{3.3.1}	FOXP{3.3.1.16}	13875	93986		O15409
FOXQ1_HUMAN.H11MO.0.C	FOXQ1	12	C	0	nRTTGTTTATKT	HOCOMOCOv9	Integrative					13	Forkhead box (FOX) factors{3.3.1}	FOXQ{3.3.1.17}	20951	94234		Q9C009
GABPA_HUMAN.H11MO.0.A	GABPA	14	A	0	vvnvSCGGAAGYvv	HOCOMOCOv11	ChIP-Seq	0.9877088225170461	0.9485352196063388	92	8	500	Ets-related factors{3.5.2}	Ets-like factors{3.5.2.1}	4071	2551		Q06546
GATA1_HUMAN.H11MO.0.A	GATA1	19	A	0	bbKbnnnnnnvWGATAAvv	HOCOMOCOv11	ChIP-Seq	0.9807675961439153	0.9426629174449124	48	122	500	GATA-type zinc fingers{2.2.1}	Two zinc-finger GATA factors{2.2.1.1}	4170	2623		P15976
GATA2_HUMAN.H11MO.0.A	GATA2	19	A	0	bKKbnnnnndvAGATAASv	HOCOMOCOv11	ChIP-Seq	0.9582461412789516	0.9706205944247498	84	54	500	GATA-type zinc fingers{2.2.1}	Two zinc-finger GATA factors{2.2.1.1}	4171	2624		P23769
GATA3_HUMAN.H11MO.0.A	GATA3	11	A	0	dvAGATAAvvd	HOCOMOCOv11	ChIP-Seq	0.9011814370736881	0.893202075640153	98	60	500	GATA-type zinc fingers{2.2.1}	Two zinc-finger GATA factors{2.2.1.1}	4172	2625		P23771
GATA4_HUMAN.H11MO.0.A	GATA4	10	A	0	dvWGATAASR	HOCOMOCOv11	ChIP-Seq	0.9546621184555543	0.939585335370212	15	17	500	GATA-type zinc fingers{2.2.1}	Two zinc-finger GATA factors{2.2.1.1}	4173	2626		P43694
GATA6_HUMAN.H11MO.0.A	GATA6	13	A	0	dvAGATAAGRddd	HOCOMOCOv11	ChIP-Seq	0.9697874834365883	0.9318931039849481	29	7	500	GATA-type zinc fingers{2.2.1}	Two zinc-finger GATA factors{2.2.1.1}	4174	2627		Q92908
GCR_HUMAN.H11MO.0.A	NR3C1	15	A	0	dGdACWnAvWGTnCh	HOCOMOCOv11	ChIP-Seq	0.9779199642277063	0.9890361241432566	143	119	500	Steroid hormone receptors (NR3){2.1.1}	GR-like receptors (NR3C){2.1.1.1}	7978	2908		P04150
GFI1B_HUMAN.H11MO.0.A	GFI1B	10	A	0	RYWSWGATTK	HOCOMOCOv11	ChIP-Seq	0.8910025480853576	0.8865859216649973	3	24	503	More than 3 adjacent zinc finger factors{2.3.3}	GFI1 factors{2.3.3.21}	4238	8328		Q5VTD9
GFI1_HUMAN.H11MO.0.C	GFI1	10	C	0	RShSWGATTb	HOCOMOCOv9	Integrative					152	More than 3 adjacent zinc finger factors{2.3.3}	GFI1 factors{2.3.3.21}	4237	2672		Q99684
GLI3_HUMAN.H11MO.0.B	GLI3	11	B	0	nTGGGTGGTYb	HOCOMOCOv9	Integrative					15	More than 3 adjacent zinc finger factors{2.3.3}	GLI-like factors{2.3.3.1}	4319	2737		P10071
GRHL2_HUMAN.H11MO.0.A	GRHL2	12	A	0	RWCYdGTYbddC	HOCOMOCOv11	ChIP-Seq	0.9597828603098488	0.9207904883986111	22	4	497	Grainyhead-related factors{6.7.1}	GRH-like proteins{6.7.1.1}	2799	79977		Q6ISB3
HEN1_HUMAN.H11MO.0.C	NHLH1	20	C	0	bKGGnMbCAGCTGCGKCYhh	HOCOMOCOv9	Integrative					55	Tal-related factors{1.2.3}	Tal / HEN-like factors{1.2.3.1}	7817	4807		Q02575
HIC1_HUMAN.H11MO.0.C	HIC1	9	C	0	dKGKTGCCM	HOCOMOCOv9	Integrative					40	Factors with multiple dispersed zinc fingers{2.3.4}	Hypermethylated in Cancer proteins{2.3.4.17}	4909	3090		Q14526
HIF1A_HUMAN.H11MO.0.C	HIF1A	8	C	0	vdACGTGh	HOCOMOCOv11	ChIP-Seq	0.7620414498503719	0.7375160056506765	39	8	501	PAS domain factors{1.2.5}	Ahr-like factors{1.2.5.1}	4910	3091		Q16665
HINFP_HUMAN.H11MO.0.C	HINFP	16	C	0	dhSnnvdCGGACGTWv	HOCOMOCOv9	Integrative					42	Factors with multiple dispersed zinc fingers{2.3.4}	HINFP-like factors{2.3.4.21}	17850	25988		Q9BQA5
HLF_HUMAN.H11MO.0.C	HLF	13	C	0	nRTKRYGTAAYvn	HOCOMOCOv9	Integrative					35	C/EBP-related{1.1.8}	PAR factors{1.1.8.2}	4977	3131		Q16534
HNF1A_HUMAN.H11MO.0.C	HNF1A	15	C	0	dRKWAATGWTTWRYh	HOCOMOCOv11	ChIP-Seq	0.926739666836407		3		500	POU domain factors{3.1.10}	HNF1-like factors{3.1.10.7}	11621	6927		P20823
HNF1B_HUMAN.H11MO.0.A	HNF1B	15	A	0	dRTWAATGATTRMYh	HOCOMOCOv11	ChIP-Seq	0.9498344814858707	0.994149656463398	5	8	500	POU domain factors{3.1.10}	HNF1-like factors{3.1.10.7}	11630	6928		P35680
HNF4A_HUMAN.H11MO.0.A	HNF4A	14	A	0	vRGdnCAAAGTYCR	HOCOMOCOv11	ChIP-Seq	0.9847166899563984	0.9808372425786422	49	33	500	RXR-related receptors (NR2){2.1.3}	HNF-4 (NR2A){2.1.3.2}	5024	3172		P41235
HNF4G_HUMAN.H11MO.0.B	HNF4G	14	B	0	vRGdnCAAAGKbCR	HOCOMOCOv11	ChIP-Seq	0.9829085010736749		6		500	RXR-related receptors (NR2){2.1.3}	HNF-4 (NR2A){2.1.3.2}	5026	3174		Q14541
HNF6_HUMAN.H11MO.0.B	ONECUT1	11	B	0	hbYATTGATYd	HOCOMOCOv11	ChIP-Seq		0.9763061904579198		24	512	HD-CUT factors{3.1.9}	ONECUT{3.1.9.1}	8138	3175		Q9UBC0
HSF1_HUMAN.H11MO.0.A	HSF1	15	A	0	bRGAAnbWWCYRGAR	HOCOMOCOv11	ChIP-Seq	0.9965576960437963	0.9843460780169678	56	32	510	HSF factors{3.4.1}	HSF1 (HSTF1){3.4.1.0.1}	5224	3297		Q00613
HSF2_HUMAN.H11MO.0.A	HSF2	14	A	0	vSRWbvWKSKvGRh	HOCOMOCOv9	Integrative					1043	HSF factors{3.4.1}	HSF2 (HSTF2){3.4.1.0.2}	5225	3298		Q03933
HTF4_HUMAN.H11MO.0.A	TCF12	10	A	0	nSCAGSTGKS	HOCOMOCOv11	ChIP-Seq	0.9148764831090339	0.9871543694477679	49	10	502	E2A-related factors{1.2.1}	HTF-4 (TCF-12, HEB){1.2.1.0.3}	11623	6938		Q99081
HXA10_HUMAN.H11MO.0.C	HOXA10	12	C	0	dnYnRTTTATGh	HOCOMOCOv9	Integrative					10	HOX-related factors{3.1.1}	HOX9-13{3.1.1.8}	5100	3206		P31260
HXA13_HUMAN.H11MO.0.C	HOXA13	11	C	0	vdTWTTATKGS	HOCOMOCOv9	Integrative					18	HOX-related factors{3.1.1}	HOX9-13{3.1.1.8}	5102	3209		P31271
HXA1_HUMAN.H11MO.0.C	HOXA1	10	C	0	nTGATGGATG	HOCOMOCOv9	Integrative					8	HOX-related factors{3.1.1}	HOX1{3.1.1.1}	5099	3198		P49639
HXA9_HUMAN.H11MO.0.B	HOXA9	11	B	0	dTGATTKAYdd	HOCOMOCOv11	ChIP-Seq	0.8830062243531501	0.7572393321853359	5	8	500	HOX-related factors{3.1.1}	HOX9-13{3.1.1.8}	5109	3205		P31269
HXB13_HUMAN.H11MO.0.A	HOXB13	10	A	0	YTTTATdRvn	HOCOMOCOv11	ChIP-Seq	0.8458477791180562		9		500	HOX-related factors{3.1.1}	HOX9-13{3.1.1.8}	5112	10481		Q92826
HXB4_HUMAN.H11MO.0.B	HOXB4	8	B	0	bTAATKRS	HOCOMOCOv11	ChIP-Seq	0.49071066794610557	0.894377361122623	2	12	502	HOX-related factors{3.1.1}	HOX4{3.1.1.4}	5115	3214		P17483
HXB7_HUMAN.H11MO.0.C	HOXB7	10	C	0	WTGATTRATK	HOCOMOCOv9	Integrative					28	HOX-related factors{3.1.1}	HOX6-7{3.1.1.6}	5118	3217		P09629
HXB8_HUMAN.H11MO.0.C	HOXB8	11	C	0	TTGATTRATKv	HOCOMOCOv9	Integrative					26	HOX-related factors{3.1.1}	HOX8{3.1.1.7}	5119	3218		P17481
HXC9_HUMAN.H11MO.0.C	HOXC9	10	C	0	hTTWATKGSh	HOCOMOCOv11	ChIP-Seq	0.8712427605944395		2		500	HOX-related factors{3.1.1}	HOX9-13{3.1.1.8}	5130	3225		P31274
IKZF1_HUMAN.H11MO.0.C	IKZF1	8	C	0	bTGGGARd	HOCOMOCOv9	Integrative					61	Factors with multiple dispersed zinc fingers{2.3.4}	Ikaros{2.3.4.4}	13176	10320		Q13422
INSM1_HUMAN.H11MO.0.C	INSM1	12	C	0	KGYMAGGGGGCA	HOCOMOCOv9	Integrative					24	Factors with multiple dispersed zinc fingers{2.3.4}	Insulinoma-associated proteins{2.3.4.16}	6090	3642		Q01101
IRF1_HUMAN.H11MO.0.A	IRF1	20	A	0	vRRWndGAAASWGAAAShvv	HOCOMOCOv11	ChIP-Seq	0.9973105784702172	0.9976231322668374	23	18	499	Interferon-regulatory factors{3.5.3}	IRF-1{3.5.3.0.1}	6116	3659		P10914
IRF2_HUMAN.H11MO.0.A	IRF2	20	A	0	nRRWvhGAAASYGAAASYvv	HOCOMOCOv11	ChIP-Seq	0.9935095990088767		8		499	Interferon-regulatory factors{3.5.3}	IRF-2{3.5.3.0.2}	6117	3660		P14316
IRF3_HUMAN.H11MO.0.B	IRF3	20	B	0	dRRRddRAAAvdGRAASnRR	HOCOMOCOv11	ChIP-Seq	0.7890654898147282	0.9477784703256861	6	21	505	Interferon-regulatory factors{3.5.3}	IRF-3{3.5.3.0.3}	6118	3661		Q14653
IRF4_HUMAN.H11MO.0.A	IRF4	18	A	0	vdWdRvGGAASTGARAvh	HOCOMOCOv11	ChIP-Seq	0.9512282861651095	0.9767382494934758	19	61	500	Interferon-regulatory factors{3.5.3}	IRF-4 (LSIRF, NF-EM5, MUM1, Pip){3.5.3.0.4}	6119	3662		Q15306
IRF7_HUMAN.H11MO.0.C	IRF7	10	C	0	RAAAbYRAAW	HOCOMOCOv9	Integrative					40	Interferon-regulatory factors{3.5.3}	IRF-7{3.5.3.0.7}	6122	3665		Q92985
IRF8_HUMAN.H11MO.0.B	IRF8	20	B	0	vdddvRGGAASTGAAASYdv	HOCOMOCOv11	ChIP-Seq		0.9960072148781145		59	505	Interferon-regulatory factors{3.5.3}	IRF-8 (ICSBP1){3.5.3.0.8}	5358	3394		Q02556
IRF9_HUMAN.H11MO.0.C	IRF9	12	C	0	GAAAbhGAAACT	HOCOMOCOv9	Integrative					5	Interferon-regulatory factors{3.5.3}	IRF-9 (ISGF-3gamma){3.5.3.0.9}	6131	10379		Q00978
ISL1_HUMAN.H11MO.0.A	ISL1	9	A	0	vYWRAKKRv	HOCOMOCOv11	ChIP-Seq	0.8052092352140368	0.8580356265437225	3	13	500	HD-LIM factors{3.1.5}	ISL{3.1.5.1}	6132	3670		P61371
ITF2_HUMAN.H11MO.0.C	TCF4	10	C	0	dSCAGSTGbb	HOCOMOCOv11	ChIP-Seq	0.9494475824688142		4		499	E2A-related factors{1.2.1}	SEF2 (E2-2, TCF-4, ITF-2){1.2.1.0.2}	11634	6925		P15884
JUNB_HUMAN.H11MO.0.A	JUNB	11	A	0	dvTGAGTCAbh	HOCOMOCOv11	ChIP-Seq	0.9767484391305941	0.9186579172064568	8	25	500	Jun-related factors{1.1.1}	Jun factors{1.1.1.1}	6205	3726		P17275
JUND_HUMAN.H11MO.0.A	JUND	11	A	0	dvTGAGTCAbb	HOCOMOCOv11	ChIP-Seq	0.9963445887399692	0.9868495871078417	64	21	450	Jun-related factors{1.1.1}	Jun factors{1.1.1.1}	6206	3727		P17535
JUN_HUMAN.H11MO.0.A	JUN	11	A	0	dvTGAGTCAYh	HOCOMOCOv11	ChIP-Seq	0.953914614915664	0.9348095084143164	56	39	500	Jun-related factors{1.1.1}	Jun factors{1.1.1.1}	6204	3725		P05412
KAISO_HUMAN.H11MO.0.A	ZBTB33	15	A	0	vdRvbMYCGCGAGAv	HOCOMOCOv11	ChIP-Seq	0.8995097809029124		37		498	Other factors with up to three adjacent zinc fingers{2.3.2}	Factors with 2-3 adjacent zinc fingersand a BTB/POZ domain{2.3.2.1}	16682	10009		Q86T24
KLF12_HUMAN.H11MO.0.C	KLF12	11	C	0	vRGGGCGGGGC	HOCOMOCOv11	ChIP-Seq	0.8080096266912964		3		452	Three-zinc finger Krüppel-related factors{2.3.1}	Krüppel-like factors{2.3.1.2}	6346	11278		Q9Y4X4
KLF15_HUMAN.H11MO.0.A	KLF15	19	A	0	RRGGMGGRGvnRGGRRdSR	HOCOMOCOv11	ChIP-Seq	0.9518096574323828	0.9983168549891177	4	3	481	Three-zinc finger Krüppel-related factors{2.3.1}	Krüppel-like factors{2.3.1.2}	14536	28999		Q9UIH9
KLF1_HUMAN.H11MO.0.A	KLF1	14	A	0	dGGGYGKGGShbbS	HOCOMOCOv11	ChIP-Seq	0.9441719319775603	0.972833905549987	5	6	492	Three-zinc finger Krüppel-related factors{2.3.1}	Krüppel-like factors{2.3.1.2}	6345	10661		Q13351
KLF3_HUMAN.H11MO.0.B	KLF3	19	B	0	vvvvvdGGGYGGRGbhbbv	HOCOMOCOv11	ChIP-Seq	0.7602416143321309	0.9924964016027614	2	7	498	Three-zinc finger Krüppel-related factors{2.3.1}	Krüppel-like factors{2.3.1.2}	16516	51274		P57682
KLF4_HUMAN.H11MO.0.A	KLF4	10	A	0	dGGGYGKGGY	HOCOMOCOv11	ChIP-Seq	0.8883737406896519	0.9829266922562834	11	34	500	Three-zinc finger Krüppel-related factors{2.3.1}	Krüppel-like factors{2.3.1.2}	6348	9314		O43474
KLF5_HUMAN.H11MO.0.A	KLF5	14	A	0	dGGGYGKGGYnKdn	HOCOMOCOv11	ChIP-Seq	0.9687406295679568	0.9737266464737504	32	23	502	Three-zinc finger Krüppel-related factors{2.3.1}	Krüppel-like factors{2.3.1.2}	6349	688		Q13887
KLF6_HUMAN.H11MO.0.A	KLF6	19	A	0	vvvRGGGYGKRGvnbRSvv	HOCOMOCOv11	ChIP-Seq	0.9464495831515612	0.6040748167978591	16	2	498	Three-zinc finger Krüppel-related factors{2.3.1}	Krüppel-like factors{2.3.1.2}	2235	1316		Q99612
KLF8_HUMAN.H11MO.0.C	KLF8	9	C	0	CAGGGGGTG	HOCOMOCOv9	Integrative					5	Three-zinc finger Krüppel-related factors{2.3.1}	Krüppel-like factors{2.3.1.2}	6351	11279		O95600
KLF9_HUMAN.H11MO.0.C	KLF9	15	C	0	SvvGKGGGCGTGKCb	HOCOMOCOv11	ChIP-Seq	0.9536124564295321		3		256	Three-zinc finger Krüppel-related factors{2.3.1}	Krüppel-like factors{2.3.1.2}	1123	687		Q13886
LEF1_HUMAN.H11MO.0.A	LEF1	14	A	0	bSYTTTSWhnKbhh	HOCOMOCOv11	ChIP-Seq	0.8760749217558853		20		456	TCF-7-related factors{4.1.3}	LEF-1 (TCF-1alpha) [1]{4.1.3.0.4}	6551	51176		Q9UJU2
LHX2_HUMAN.H11MO.0.A	LHX2	12	A	0	bbYTAATTRvhb	HOCOMOCOv11	ChIP-Seq	0.8258327049886294	0.9306941113400594	5	12	430	HD-LIM factors{3.1.5}	Lhx-2-like factors{3.1.5.3}	6594	9355		P50458
LHX3_HUMAN.H11MO.0.C	LHX3	13	C	0	ddAWTTAATTAdh	HOCOMOCOv9	Integrative					72	HD-LIM factors{3.1.5}	Lhx-3-like factors{3.1.5.4}	6595	8022		Q9UBR4
LYL1_HUMAN.H11MO.0.A	LYL1	14	A	0	vMWbMTGYbhYbbb	HOCOMOCOv11	ChIP-Seq	0.852283686197218	0.8078848457613762	23	3	453	Tal-related factors{1.2.3}	Tal / HEN-like factors{1.2.3.1}	6734	4066		P12980
MAFB_HUMAN.H11MO.0.B	MAFB	11	B	0	TGCTGAbhhdd	HOCOMOCOv11	ChIP-Seq	0.7049674315746943	0.9525931951876923	5	3	474	Maf-related factors{1.1.3}	Large Maf factors{1.1.3.1}	6408	9935		Q9Y5Q3
MAFF_HUMAN.H11MO.0.B	MAFF	18	B	0	KKCTKWbYYWKSdnhYYb	HOCOMOCOv11	ChIP-Seq	0.544478362137522	0.9454569428003465	2	15	473	Maf-related factors{1.1.3}	Small Maf factors{1.1.3.2}	6780	23764		Q9ULX9
MAFG_HUMAN.H11MO.0.A	MAFG	18	A	0	ddWWnTGCTGASTCAGCW	HOCOMOCOv11	ChIP-Seq	0.8690279559228823	0.9975065724846368	3	6	430	Maf-related factors{1.1.3}	Small Maf factors{1.1.3.2}	6781	4097		O15525
MAFK_HUMAN.H11MO.0.A	MAFK	18	A	0	ddWWnTGCTGASTCAKSW	HOCOMOCOv11	ChIP-Seq	0.9862777197416513	0.9833417748334325	12	11	431	Maf-related factors{1.1.3}	Small Maf factors{1.1.3.2}	6782	7975		O60675
MAF_HUMAN.H11MO.0.A	MAF	19	A	0	vdWdnTGCTGAbdhddvhd	HOCOMOCOv11	ChIP-Seq	0.8528782523257237	0.8372571924671794	10	5	500	Maf-related factors{1.1.3}	Large Maf factors{1.1.3.1}	6776	4094		O75444
MAX_HUMAN.H11MO.0.A	MAX	10	A	0	vnSCACGYGK	HOCOMOCOv11	ChIP-Seq	0.9497252721088089	0.946568951226969	86	14	501	bHLH-ZIP factors{1.2.6}	Myc / Max factors{1.2.6.5}	6913	4149		P61244
MAZ_HUMAN.H11MO.0.A	MAZ	22	A	0	vRRGGWGGRRSnRRRRRvdvdR	HOCOMOCOv11	ChIP-Seq	0.9508800980364966	0.9609664981065045	3	5	501	Factors with multiple dispersed zinc fingers{2.3.4}	MAZ-like factors{2.3.4.8}	6914	4150		P56270
MBD2_HUMAN.H11MO.0.B	MBD2	11	B	0	nSGGCCGGMKv	HOCOMOCOv9	Integrative					113			6917	8932		Q9UBB5
MECP2_HUMAN.H11MO.0.C	MECP2	7	C	0	SCCGGAG	HOCOMOCOv9	Integrative					122			6990	4204		P51608
MEF2A_HUMAN.H11MO.0.A	MEF2A	13	A	0	ddYTATTTWWRRh	HOCOMOCOv11	ChIP-Seq	0.9462534498691607	0.9730203117895189	15	6	500	Regulators of differentiation{5.1.1}	MEF-2{5.1.1.1}	6993	4205		Q02078
MEF2B_HUMAN.H11MO.0.A	MEF2B	14	A	0	ddddYTATTTWWRK	HOCOMOCOv11	ChIP-Seq	0.9457445585523988		23		500	Regulators of differentiation{5.1.1}	MEF-2{5.1.1.1}	6995	100271849; 4207		Q02080
MEF2C_HUMAN.H11MO.0.A	MEF2C	13	A	0	ddYTATTTWWRRh	HOCOMOCOv11	ChIP-Seq	0.9592427525419638	0.877226189746602	6	9	500	Regulators of differentiation{5.1.1}	MEF-2{5.1.1.1}	6996	4208		Q06413
MEF2D_HUMAN.H11MO.0.A	MEF2D	12	A	0	dKYTATTTWTAR	HOCOMOCOv11	ChIP-Seq	0.8428572470894959	0.9647174142929478	2	27	500	Regulators of differentiation{5.1.1}	MEF-2{5.1.1.1}	6997	4209		Q14814
MEIS1_HUMAN.H11MO.0.A	MEIS1	12	A	0	dTGATWdATddb	HOCOMOCOv11	ChIP-Seq	0.8163985059303714	0.9454270055056839	2	37	499	TALE-type homeo domain factors{3.1.4}	MEIS{3.1.4.2}	7000	4211		O00470
MEIS2_HUMAN.H11MO.0.B	MEIS2	13	B	0	hTGACAGbTKTbv	HOCOMOCOv9	Integrative					413	TALE-type homeo domain factors{3.1.4}	MEIS{3.1.4.2}	7001	4212		O14770
MITF_HUMAN.H11MO.0.A	MITF	10	A	0	YCACGTGACh	HOCOMOCOv11	ChIP-Seq	0.9988033719615479	0.8240111255657054	28	3	516	bHLH-ZIP factors{1.2.6}	TFE3-like factors{1.2.6.1}	7105	4286		O75030
MTF1_HUMAN.H11MO.0.C	MTF1	17	C	0	vGKRMCGKGTGCAdMdb	HOCOMOCOv9	Integrative					33	More than 3 adjacent zinc finger factors{2.3.3}	MTF1-like factors{2.3.3.24}	7428	4520		Q14872
MXI1_HUMAN.H11MO.0.A	MXI1	15	A	0	vCACRYGKvnSbbbv	HOCOMOCOv10	ChIP-Seq	0.8781263876241057	0.972814061536073	10	5	500	bHLH-ZIP factors{1.2.6}	Mad-like factors{1.2.6.7}	7534	4601		P50539
MYB_HUMAN.H11MO.0.A	MYB	12	A	0	dvhRRCMGYTRv	HOCOMOCOv11	ChIP-Seq	0.8287484961293298	0.9188551060669164	27	9	500	Myb/SANT domain factors{3.5.1}	Myb-like factors{3.5.1.1}	7545	4602		P10242
MYCN_HUMAN.H11MO.0.A	MYCN	12	A	0	vRvCACGTGbdv	HOCOMOCOv11	ChIP-Seq	0.9185581662618602	0.8994327954512615	32	10	501	bHLH-ZIP factors{1.2.6}	Myc / Max factors{1.2.6.5}	7559	4613		P04198
MYC_HUMAN.H11MO.0.A	MYC	11	A	0	vMCACGTGShb	HOCOMOCOv11	ChIP-Seq	0.9468413478807304	0.9478361647407271	265	126	501	bHLH-ZIP factors{1.2.6}	Myc / Max factors{1.2.6.5}	7553	4609		P01106
MYF6_HUMAN.H11MO.0.C	MYF6	7	C	0	CAGCTGC	HOCOMOCOv9	Integrative					9	MyoD / ASC-related factors{1.2.2}	Myogenic transcription factors{1.2.2.1}	7566	4618		P23409
MYOD1_HUMAN.H11MO.0.A	MYOD1	15	A	0	vCAGCTGYYnYbbbh	HOCOMOCOv11	ChIP-Seq	0.9902476239040008	0.9915177515453307	9	63	500	MyoD / ASC-related factors{1.2.2}	Myogenic transcription factors{1.2.2.1}	7611	4654		P15172
MYOG_HUMAN.H11MO.0.B	MYOG	13	B	0	bhvCAGCTGYYhb	HOCOMOCOv11	ChIP-Seq		0.9942491410914277		20	500	MyoD / ASC-related factors{1.2.2}	Myogenic transcription factors{1.2.2.1}	7612	4656		P15173
MZF1_HUMAN.H11MO.0.B	MZF1	13	B	0	vvdRGGGAWbddv	HOCOMOCOv11	ChIP-Seq	0.8508518109921678		6		503	More than 3 adjacent zinc finger factors{2.3.3}	unclassified{2.3.3.0}	13108	7593		P28698
NANOG_HUMAN.H11MO.0.A	NANOG	17	A	0	nbhWTTSWnATGYWRWb	HOCOMOCOv11	ChIP-Seq	0.9201389191849159	0.9282761509156662	15	38	499	NK-related factors{3.1.2}	NANOG{3.1.2.12}	20857	79923		Q9H9S0
NDF1_HUMAN.H11MO.0.A	NEUROD1	10	A	0	RRCAGMTGGb	HOCOMOCOv11	ChIP-Seq	0.9457481014030519	0.9521375814100388	5	2	503	Tal-related factors{1.2.3}	Neurogenin / Atonal-like factors{1.2.3.4}	7762	4760		Q13562
NDF2_HUMAN.H11MO.0.B	NEUROD2	9	B	0	RRCAGMTGG	HOCOMOCOv11	ChIP-Seq	0.5944901111955169	0.962872365008949	2	21	502	Tal-related factors{1.2.3}	Neurogenin / Atonal-like factors{1.2.3.4}	7763	4761		Q15784
NF2L1_HUMAN.H11MO.0.C	NFE2L1	7	C	0	hRTCAYn	HOCOMOCOv9	Integrative					115	Jun-related factors{1.1.1}	NF-E2-like factors{1.1.1.2}	7781	4779		Q14494
NF2L2_HUMAN.H11MO.0.A	NFE2L2	14	A	0	WhhTGCTGAGTCAY	HOCOMOCOv11	ChIP-Seq	0.8895728717608736	0.982922443242663	5	26	500	Jun-related factors{1.1.1}	NF-E2-like factors{1.1.1.2}	7782	4780		Q16236
NFAC1_HUMAN.H11MO.0.B	NFATC1	15	B	0	vWGGAAAvdvWRvvd	HOCOMOCOv11	ChIP-Seq	0.8679989844315346	0.7946095772148457	7	8	500	NFAT-related factors{6.1.3}	NFATc1{6.1.3.0.1}	7775	4772		O95644
NFAC2_HUMAN.H11MO.0.B	NFATC2	9	B	0	dGGAAAWhb	HOCOMOCOv9	Integrative					87	NFAT-related factors{6.1.3}	NFATc2 (NFATp, NFAT1){6.1.3.0.2}	7776	4773		Q13469
NFAC3_HUMAN.H11MO.0.B	NFATC3	9	B	0	hGGAAAAhY	HOCOMOCOv9	Integrative					18	NFAT-related factors{6.1.3}	NFATc3 (NFATx){6.1.3.0.3}	7777	4775		Q12968
NFAC4_HUMAN.H11MO.0.C	NFATC4	10	C	0	dGGAAARhdW	HOCOMOCOv9	Integrative					19	NFAT-related factors{6.1.3}	NFATc4 (NFAT3){6.1.3.0.4}	7778	4776		Q14934
NFE2_HUMAN.H11MO.0.A	NFE2	13	A	0	vvRTGACWCAGCW	HOCOMOCOv11	ChIP-Seq	0.9370214888594007	0.9906128594562562	17	9	500	Jun-related factors{1.1.1}	NF-E2-like factors{1.1.1.2}	7780	4778		Q16621
NFIA_HUMAN.H11MO.0.C	NFIA	15	C	0	hTGGShnGnhKCCWd	HOCOMOCOv9	Integrative					233	Nuclear factor 1{7.1.2}	NF-1A (NF-IA){7.1.2.0.1}	7784	4774		Q12857
NFIC_HUMAN.H11MO.0.A	NFIC	17	A	0	bYKGGMhbChdKCCMdv	HOCOMOCOv11	ChIP-Seq	0.9451146318874781	0.47224734611324826	18	1	500	Nuclear factor 1{7.1.2}	NF-1C (NF-IC){7.1.2.0.3}	7786	4782		P08651
NFKB1_HUMAN.H11MO.1.B	NFKB1	11	B	1	GGGAAAbYCCC	HOCOMOCOv11	ChIP-Seq	0.72636228409042	0.9525950040482972	7	16	503	NF-kappaB-related factors{6.1.1}	NF-kappaB p50 subunit-like factors{6.1.1.1}	7794	4790		P19838
NFKB2_HUMAN.H11MO.0.B	NFKB2	11	B	0	KGGRAAdYCCC	HOCOMOCOv11	ChIP-Seq	0.9765240142890848		4		500	NF-kappaB-related factors{6.1.1}	NF-kappaB p50 subunit-like factors{6.1.1.1}	7795	4791		Q00653
NFYA_HUMAN.H11MO.0.A	NFYA	14	A	0	bbRRCCAATSRvMR	HOCOMOCOv11	ChIP-Seq	0.9820596491983105	0.9600517530107797	19	14	500	Heteromeric CCAAT-binding factors{4.2.1}	NF-YA (CP1A, CBF-B){4.2.1.0.1}	7804	4800		P23511
NFYB_HUMAN.H11MO.0.A	NFYB	13	A	0	bRRCCAATSRSvd	HOCOMOCOv9	Integrative	0.9870173483292672	0.9968484148099602	4	4	1163	Heteromeric CCAAT-binding factors{4.2.1}	NF-YB (CP1B, CBF-A){4.2.1.0.2}	7805	4801		P25208
NFYC_HUMAN.H11MO.0.A	NFYC	14	A	0	bbvdCCAATvRvvd	HOCOMOCOv11	ChIP-Seq	0.8656766337126804	0.9841332258829555	4	4	427	Heteromeric CCAAT-binding factors{4.2.1}	NF-YC{4.2.1.0.3}	7806	4802		Q13952
NKX21_HUMAN.H11MO.0.A	NKX2-1	10	A	0	bWKGAGWGbh	HOCOMOCOv11	ChIP-Seq	0.9203111817946897	0.9168966170370096	14	9	501	NK-related factors{3.1.2}	NK-2.1{3.1.2.14}	11825	7080		P43699
NKX25_HUMAN.H11MO.0.B	NKX2-5	8	B	0	bbRAGWGv	HOCOMOCOv11	ChIP-Seq	0.6974531751913174	0.8595901835627936	2	7	499	NK-related factors{3.1.2}	NK-4{3.1.2.17}	2488	1482		P52952
NKX28_HUMAN.H11MO.0.C	NKX2-8	9	C	0	bTCAAGGAb	HOCOMOCOv9	Integrative					6	NK-related factors{3.1.2}	NK-2.2{3.1.2.15}	16364	26257		O15522
NKX31_HUMAN.H11MO.0.C	NKX3-1	12	C	0	nbdRAGTGbYWd	HOCOMOCOv11	ChIP-Seq	0.7915497823777903	0.6618795395212416	11	10	501	NK-related factors{3.1.2}	NK-3{3.1.2.16}	7838	4824		Q99801
NKX32_HUMAN.H11MO.0.C	NKX3-2	10	C	0	WTAAGTGbhh	HOCOMOCOv11	ChIP-Seq		0.9824783969923785		6	501	NK-related factors{3.1.2}	NK-3{3.1.2.16}	951	579		P78367
NKX61_HUMAN.H11MO.0.B	NKX6-1	19	B	0	vRhdRATKdvndWWWRAWd	HOCOMOCOv11	ChIP-Seq	0.4327359777488653	0.9607883135377686	3	8	500	NK-related factors{3.1.2}	NK-6{3.1.2.19}	7839	4825		P78426
NOBOX_HUMAN.H11MO.0.C	NOBOX	9	C	0	hTAATTGvb	HOCOMOCOv9	Integrative					66	Paired-related HD factors{3.1.3}	NOBOX{3.1.3.15}	22448	135935		O60393
NR1D1_HUMAN.H11MO.0.B	NR1D1	19	B	0	dRvnMWbWGKGdMAvdddv	HOCOMOCOv11	ChIP-Seq	0.614641363476417	0.8826196495813249	1	53	501	Thyroid hormone receptor-related factors (NR1){2.1.2}	Rev-ErbA (NR1D){2.1.2.3}	7962	9572		P20393
NR1H3_HUMAN.H11MO.0.B	NR1H3	19	B	0	vhvRGKYhAbhnnRGKdYA	HOCOMOCOv11	ChIP-Seq	0.7699411394926012	0.8597624991049764	13	10	500	Thyroid hormone receptor-related factors (NR1){2.1.2}	LXR (NR1H){2.1.2.7}	7966	10062		Q13133
NR1H4_HUMAN.H11MO.0.B	NR1H4	19	B	0	vRGKKSRvYGdCCbbbvGK	HOCOMOCOv11	ChIP-Seq		0.9255909330696637		15	451	Thyroid hormone receptor-related factors (NR1){2.1.2}	LXR (NR1H){2.1.2.7}	7967	9971		Q96RI1
NR1I2_HUMAN.H11MO.0.C	NR1I2	19	C	0	ddRRSTYARnnRAGKTCAb	HOCOMOCOv9	Integrative					29	Thyroid hormone receptor-related factors (NR1){2.1.2}	Vitamin D receptor (NR1I){2.1.2.4}	7968	8856		O75469
NR1I3_HUMAN.H11MO.0.C	NR1I3	18	C	0	RRGSTCAvvvRAGKWYRd	HOCOMOCOv9	Integrative					28	Thyroid hormone receptor-related factors (NR1){2.1.2}	Vitamin D receptor (NR1I){2.1.2.4}	7969	9970		Q14994
NR2C1_HUMAN.H11MO.0.C	NR2C1	13	C	0	RbYvARAGGTCAn	HOCOMOCOv9	Integrative					19	RXR-related receptors (NR2){2.1.3}	Testicular receptors (NR2C){2.1.3.4}	7971	7181		P13056
NR2C2_HUMAN.H11MO.0.B	NR2C2	12	B	0	RbTYMSGGGKCR	HOCOMOCOv11	ChIP-Seq	0.8435007759651167		35		502	RXR-related receptors (NR2){2.1.3}	Testicular receptors (NR2C){2.1.3.4}	7972	7182		P49116
NR2E3_HUMAN.H11MO.0.C	NR2E3	14	C	0	nAAKTCAAAARKMM	HOCOMOCOv9	Integrative					23	RXR-related receptors (NR2){2.1.3}	Tailless-like receptors (NR2E){2.1.3.3}	7974	10002		Q9Y5X4
NR4A1_HUMAN.H11MO.0.A	NR4A1	9	A	0	AAAKKbYAn	HOCOMOCOv11	ChIP-Seq	0.9199926918939705	0.546951073303305	12	2	491	NGFI-B-related receptors (NR4){2.1.4}	NGFI-B  (NR4A1){2.1.4.0.1}	7980	3164		P22736
NR4A2_HUMAN.H11MO.0.C	NR4A2	9	C	0	RAAGGTCAv	HOCOMOCOv9	Integrative					33	NGFI-B-related receptors (NR4){2.1.4}	NURR1  (NR4A2){2.1.4.0.2}	7981	4929		P43354
NR5A2_HUMAN.H11MO.0.B	NR5A2	11	B	0	dbYCAAGGhCR	HOCOMOCOv11	ChIP-Seq	0.5549568803014672	0.9585219063560327	4	8	500	FTZ-F1-related receptors (NR5){2.1.5}	LRH-1 (NR5A2){2.1.5.0.2}	7984	2494		O00482
NR6A1_HUMAN.H11MO.0.B	NR6A1	13	B	0	RAGKTCAAGKTCA	HOCOMOCOv9	Integrative					51	GCNF-related receptors (NR6){2.1.6}	GCNF  (NR6A1){2.1.6.0.1}	7985	2649		Q15406
NRF1_HUMAN.H11MO.0.A	NRF1	17	A	0	bdSYGCGCMKGCGCvdv	HOCOMOCOv11	ChIP-Seq	0.9989732327723339	0.9974824020049678	31	23	501	NRF{0.0.6}	NRF-1 (alpha-pal){0.0.6.0.1}	7996	4899		Q16656
OLIG2_HUMAN.H11MO.0.B	OLIG2	18	B	0	MCAKCTGYYbbbhdbhhb	HOCOMOCOv11	ChIP-Seq		0.9253615100318717		19	500	Tal-related factors{1.2.3}	Neurogenin / Atonal-like factors{1.2.3.4}	9398	10215		Q13516
OSR2_HUMAN.H11MO.0.C	OSR2	16	C	0	nbhbYWGCTnCTShdb	HOCOMOCOv11	ChIP-Seq	0.8982837735947866		3		492	More than 3 adjacent zinc finger factors{2.3.3}	unclassified{2.3.3.0}	15830	116039		Q8N2R0
OTX2_HUMAN.H11MO.0.A	OTX2	11	A	0	ddRGGATTAdv	HOCOMOCOv11	ChIP-Seq	0.8629812601887465	0.8860210229806562	5	18	500	Paired-related HD factors{3.1.3}	OTX{3.1.3.17}	8522	5015		P32243
OVOL1_HUMAN.H11MO.0.C	OVOL1	9	C	0	KGTAACKGT	HOCOMOCOv9	Integrative					7	More than 3 adjacent zinc finger factors{2.3.3}	OVOL-factors{2.3.3.17}	8525	5017		O14753
OZF_HUMAN.H11MO.0.C	ZNF146	24	C	0	TTTTYATGGCTGMATARTATTCCA	HOCOMOCOv11	ChIP-Seq	0.9881812407951852		4		451	More than 3 adjacent zinc finger factors{2.3.3}	ZNF146-like factors{2.3.3.55}	12931	7705		Q15072
P53_HUMAN.H11MO.0.A	TP53	20	A	0	dRRCWWGYYCWRRCATGYYh	HOCOMOCOv11	ChIP-Seq	0.9953157015440742	0.9792336386099629	141	39	487	p53-related factors{6.3.1}	p53{6.3.1.0.1}	11998	7157		P04637
P63_HUMAN.H11MO.0.A	TP63	19	A	0	dRCRWGYhCWRRCWKGYhb	HOCOMOCOv11	ChIP-Seq	0.9963451944574002		79		500	p53-related factors{6.3.1}	p63{6.3.1.0.2}	15979	8626		Q9H3D4
P73_HUMAN.H11MO.0.A	TP73	19	A	0	dddCWWGYYMMdRCWdGYh	HOCOMOCOv11	ChIP-Seq	0.9963702372799416		10		500	p53-related factors{6.3.1}	p73{6.3.1.0.3}	12003	7161		O15350
PATZ1_HUMAN.H11MO.0.C	PATZ1	22	C	0	dKRGvRRRGRMKSvRvndRvRb	HOCOMOCOv11	ChIP-Seq	0.9169278916004164		6		498	Factors with multiple dispersed zinc fingers{2.3.4}	MAZ-like factors{2.3.4.8}	13071	23598		Q9HBE1
PAX5_HUMAN.H11MO.0.A	PAX5	21	A	0	vbvdGdKCARSvRRSCRdGAC	HOCOMOCOv11	ChIP-Seq	0.9221357420084679	0.8228401207348712	32	8	202	Paired domain only{3.2.2}	PAX-2-like factors (partial homeobox){3.2.2.2}	8619	5079		Q02548
PAX6_HUMAN.H11MO.0.C	PAX6	12	C	0	WYMYRCWTSRnT	HOCOMOCOv11	ChIP-Seq	0.7494079589912269	0.7341201666331708	6	8	500	Paired plus homeo domain{3.2.1}	PAX-4/6{3.2.1.2}	8620	5080		P26367
PBX1_HUMAN.H11MO.0.A	PBX1	10	A	0	dGAbKGACRR	HOCOMOCOv11	ChIP-Seq	0.9356148625830533	0.8829655287878803	2	36	501	TALE-type homeo domain factors{3.1.4}	PBX{3.1.4.4}	8632	5087		P40424
PBX2_HUMAN.H11MO.0.C	PBX2	15	C	0	KvMhKTGATTGWWKb	HOCOMOCOv9	Integrative					19	TALE-type homeo domain factors{3.1.4}	PBX{3.1.4.4}	8633	5089		P40425
PBX3_HUMAN.H11MO.0.A	PBX3	11	A	0	WGAbdGRCRKb	HOCOMOCOv11	ChIP-Seq	0.940779421878286		17		420	TALE-type homeo domain factors{3.1.4}	PBX{3.1.4.4}	8634	5090		P40426
PDX1_HUMAN.H11MO.0.A	PDX1	9	A	0	TGAYWRAKK	HOCOMOCOv11	ChIP-Seq	0.9598585799404623	0.8138893323553282	10	4	494	HOX-related factors{3.1.1}	PDX{3.1.1.15}	6107	3651		P52945
PEBB_HUMAN.H11MO.0.C	CBFB	11	C	0	YbTGTGGTYdb	HOCOMOCOv9	Integrative					23			1539	865		Q13951
PIT1_HUMAN.H11MO.0.C	POU1F1	13	C	0	bWMWTGvAWATWh	HOCOMOCOv9	Integrative					39	POU domain factors{3.1.10}	POU1 (Pit-1-like factors){3.1.10.1}	9210	5449		P28069
PKNX1_HUMAN.H11MO.0.B	PKNOX1	11	B	0	WGAbKGRCRSv	HOCOMOCOv11	ChIP-Seq		0.9673791552090969		19	480	TALE-type homeo domain factors{3.1.4}	PKNOX{3.1.4.5}	9022	5316		P55347
PO2F1_HUMAN.H11MO.0.C	POU2F1	16	C	0	RnKbvhATGSAAWhRh	HOCOMOCOv11	ChIP-Seq	0.7658003841988124	0.6687920144365399	15	14	134	POU domain factors{3.1.10}	POU2 (Oct-1/2-like factors){3.1.10.2}	9212	5451		P14859
PO2F2_HUMAN.H11MO.0.A	POU2F2	11	A	0	dhATGCAWAKd	HOCOMOCOv11	ChIP-Seq	0.9190352396422009		14		501	POU domain factors{3.1.10}	POU2 (Oct-1/2-like factors){3.1.10.2}	9213	5452		P09086
PO3F1_HUMAN.H11MO.0.C	POU3F1	14	C	0	vRTKSTWATGCWWd	HOCOMOCOv9	Integrative					16	POU domain factors{3.1.10}	POU3 (Oct-6-like factors){3.1.10.3}	9214	5453		Q03052
PO3F2_HUMAN.H11MO.0.A	POU3F2	17	A	0	YhCATKMMWWWbYMWdv	HOCOMOCOv11	ChIP-Seq	0.9238619940926058	0.9126907654186434	12	22	507	POU domain factors{3.1.10}	POU3 (Oct-6-like factors){3.1.10.3}	9215	5454		P20265
PO5F1_HUMAN.H11MO.0.A	POU5F1	16	A	0	bYWTTvWhATGYARAh	HOCOMOCOv11	ChIP-Seq	0.9768386136515343	0.9815242612266646	44	119	501	POU domain factors{3.1.10}	POU5 (Oct-3/4-like factors){3.1.10.5}	9221	5460		Q01860
PPARA_HUMAN.H11MO.0.B	PPARA	17	B	0	hWbKRGGbbARAGGKYR	HOCOMOCOv11	ChIP-Seq	0.5755294813176998	0.9558648682455894	5	20	500	Thyroid hormone receptor-related factors (NR1){2.1.2}	PPAR (NR1C){2.1.2.5}	9232	5465		Q07869
PPARG_HUMAN.H11MO.0.A	PPARG	17	A	0	vWbbRGGbSARAGGKSR	HOCOMOCOv11	ChIP-Seq	0.9583668063629861	0.9569816595742836	53	114	500	Thyroid hormone receptor-related factors (NR1){2.1.2}	PPAR (NR1C){2.1.2.5}	9236	5468		P37231
PRD14_HUMAN.H11MO.0.A	PRDM14	14	A	0	ddSWTAGRGWMShn	HOCOMOCOv11	ChIP-Seq	0.9141522256973487	0.8890197904009194	7	11	500	More than 3 adjacent zinc finger factors{2.3.3}	unclassified{2.3.3.0}	14001	63978		Q9GZV8
PRDM1_HUMAN.H11MO.0.A	PRDM1	14	A	0	RRRAGdGAAAGKdv	HOCOMOCOv11	ChIP-Seq	0.9593838511976189	0.9624628919050592	12	9	502	More than 3 adjacent zinc finger factors{2.3.3}	PRDM1-like factors{2.3.3.12}	9346	639		O75626
PRDM6_HUMAN.H11MO.0.C	PRDM6	13	C	0	vdvRRGAAAMMhv	HOCOMOCOv11	ChIP-Seq	0.9512882046917516		2		500	More than 3 adjacent zinc finger factors{2.3.3}	unclassified{2.3.3.0}	9350	93166		Q9NQX0
PRGR_HUMAN.H11MO.0.A	PGR	16	A	0	RGvACWYYbTGTdCYb	HOCOMOCOv11	ChIP-Seq	0.970302363763162	0.9567939418621471	51	15	315	Steroid hormone receptors (NR3){2.1.1}	GR-like receptors (NR3C){2.1.1.1}	8910	5241		P06401
PRRX2_HUMAN.H11MO.0.C	PRRX2	7	C	0	hTAATTR	HOCOMOCOv9	Integrative					65	Paired-related HD factors{3.1.3}	PRRX{3.1.3.21}	21338	51450		Q99811
PTF1A_HUMAN.H11MO.0.B	PTF1A	18	B	0	vCAGCTGbbnbbbbYYhv	HOCOMOCOv11	ChIP-Seq		0.963306690333155		20	500	Tal-related factors{1.2.3}	Twist-like factors{1.2.3.2}	23734	256297		Q7RTS3
RARA_HUMAN.H11MO.0.A	RARA	20	A	0	vdddvdbbvdRAGKTCARRR	HOCOMOCOv11	ChIP-Seq	0.9507661536075104	0.9274573823140982	29	32	499	Thyroid hormone receptor-related factors (NR1){2.1.2}	Retinoic acid receptors (NR1B){2.1.2.1}	9864	5914		P10276
RARG_HUMAN.H11MO.0.B	RARG	18	B	0	RRGTCAvvvhSvMMbddv	HOCOMOCOv11	ChIP-Seq	0.8268900357802218		12		500	Thyroid hormone receptor-related factors (NR1){2.1.2}	Retinoic acid receptors (NR1B){2.1.2.1}	9866	5916		P13631
RELB_HUMAN.H11MO.0.C	RELB	12	C	0	vRGGGMTTTSMh	HOCOMOCOv9	Integrative					28	NF-kappaB-related factors{6.1.1}	NF-kappaB p65 subunit-like factors{6.1.1.2}	9956	5971		Q01201
REL_HUMAN.H11MO.0.B	REL	15	B	0	dvhdGGGRAWKbMSW	HOCOMOCOv11	ChIP-Seq		0.9210502853360392		11	178	NF-kappaB-related factors{6.1.1}	NF-kappaB p65 subunit-like factors{6.1.1.2}	9954	5966		Q04864
REST_HUMAN.H11MO.0.A	REST	22	A	0	dTCAGSACCdhGGACAGMdShh	HOCOMOCOv11	ChIP-Seq	0.9910774978316109	0.9804258368654499	147	33	500	Factors with multiple dispersed zinc fingers{2.3.4}	unclassified{2.3.4.0}	9966	5978		Q13127
RFX1_HUMAN.H11MO.0.B	RFX1	22	B	0	bbbbSbGTTGCCWdGGvvMSvv	HOCOMOCOv10	ChIP-Seq	0.7120360030425308	0.9945631374271083	3	7	457	RFX-related factors{3.3.3}	RFX1 (EF-C){3.3.3.0.1}	9982	5989		P22670
RFX2_HUMAN.H11MO.0.A	RFX2	18	A	0	YbGTTGCCWWGGvRACvv	HOCOMOCOv11	ChIP-Seq	0.9758793403986075	0.9911121146558779	7	7	426	RFX-related factors{3.3.3}	RFX2{3.3.3.0.2}	9983	5990		P48378
RFX3_HUMAN.H11MO.0.B	RFX3	14	B	0	bGTTRCCATGGhRn	HOCOMOCOv9	Integrative					772	RFX-related factors{3.3.3}	RFX3{3.3.3.0.3}	9984	5991		P48380
RFX5_HUMAN.H11MO.0.A	RFX5	20	A	0	vbbvbbdGTYRCYRKGbvvv	HOCOMOCOv11	ChIP-Seq	0.9730037939906737		14		500	RFX-related factors{3.3.3}	RFX5{3.3.3.0.5}	9986	5993		P48382
RORA_HUMAN.H11MO.0.C	RORA	13	C	0	vhbdRGGbCAvdR	HOCOMOCOv11	ChIP-Seq	0.6818119903270871	0.787508102301955	2	5	500	Thyroid hormone receptor-related factors (NR1){2.1.2}	ROR (NR1F){2.1.2.6}	10258	6095		P35398
RORG_HUMAN.H11MO.0.C	RORC	12	C	0	vdRWSTRRGKCA	HOCOMOCOv11	ChIP-Seq		0.9102370979382033		19	500	Thyroid hormone receptor-related factors (NR1){2.1.2}	ROR (NR1F){2.1.2.6}	10260	6097		P51449
RUNX1_HUMAN.H11MO.0.A	RUNX1	11	A	0	bhTGTGGTYWn	HOCOMOCOv11	ChIP-Seq	0.9637221964193191	0.9828466946830174	115	63	500	Runt-related factors{6.4.1}	Runx1 (PEBP2alphaB, CBF-alpha2, AML-1){6.4.1.0.2}	10471	861		Q01196
RUNX2_HUMAN.H11MO.0.A	RUNX2	14	A	0	dbbbTGTGGYKKnb	HOCOMOCOv11	ChIP-Seq	0.9653692494110224	0.8941028684220238	3	25	502	Runt-related factors{6.4.1}	Runx2 (PEBP2alphaA, CBF-alpha1){6.4.1.0.1}	10472	860		Q13950
RUNX3_HUMAN.H11MO.0.A	RUNX3	10	A	0	bhTGTGGTYd	HOCOMOCOv11	ChIP-Seq	0.9967899978855514	0.966451150305558	2	27	500	Runt-related factors{6.4.1}	Runx3 (PEBP2alphaC, CBF-alpha3, AML-2){6.4.1.0.3}	10473	864		Q13761
RXRA_HUMAN.H11MO.0.A	RXRA	20	A	0	vdRdvddnvRRRGGKSAvdv	HOCOMOCOv11	ChIP-Seq	0.8673213467902477	0.9162144346028239	52	158	500	RXR-related receptors (NR2){2.1.3}	Retinoid X receptors (NR2B){2.1.3.1}	10477	6256		P19793
RXRB_HUMAN.H11MO.0.C	RXRB	10	C	0	WSAGGTCAbd	HOCOMOCOv9	Integrative					30	RXR-related receptors (NR2){2.1.3}	Retinoid X receptors (NR2B){2.1.3.1}	10478	6257		P28702
RXRG_HUMAN.H11MO.0.B	RXRG	13	B	0	bGTCAAAGGTCAh	HOCOMOCOv9	Integrative					584	RXR-related receptors (NR2){2.1.3}	Retinoid X receptors (NR2B){2.1.3.1}	10479	6258		P48443
SALL4_HUMAN.H11MO.0.B	SALL4	10	B	0	dvdGGGWGKG	HOCOMOCOv11	ChIP-Seq	0.723890186868795	0.9238028020224335	1	21	500	Factors with multiple dispersed zinc fingers{2.3.4}	Sal-like factors{2.3.4.3}	15924	57167		Q9UJQ4
SIX1_HUMAN.H11MO.0.A	SIX1	14	A	0	KGWAAYhKGAbMYb	HOCOMOCOv11	ChIP-Seq	0.9609236438105697		6		500	HD-SINE factors{3.1.6}	SIX1-like factors{3.1.6.1}	10887	6495		Q15475
SIX2_HUMAN.H11MO.0.A	SIX2	13	A	0	KGWAAYhhRAbMh	HOCOMOCOv11	ChIP-Seq	0.9682935884839825	0.9367311671030576	18	9	500	HD-SINE factors{3.1.6}	SIX1-like factors{3.1.6.1}	10888	10736		Q9NPC8
SMAD2_HUMAN.H11MO.0.A	SMAD2	12	A	0	WGKCTSnChCYb	HOCOMOCOv11	ChIP-Seq	0.8477790588248721	0.8080231673152709	17	26	500	SMAD factors{7.1.1}	Regulatory Smads (R-Smad){7.1.1.1}	6768	4087		Q15796
SMAD3_HUMAN.H11MO.0.B	SMAD3	12	B	0	vbYTShCWSCWb	HOCOMOCOv11	ChIP-Seq	0.8064247264509777	0.7065331899900795	34	30	500	SMAD factors{7.1.1}	Regulatory Smads (R-Smad){7.1.1.1}	6769	4088		P84022
SMAD4_HUMAN.H11MO.0.B	SMAD4	13	B	0	vWGKCTSdCWSYh	HOCOMOCOv11	ChIP-Seq	0.8693231685564734	0.671392837190586	24	3	497	SMAD factors{7.1.1}	Co-activating Smads (Co-Smad){7.1.1.2}	6770	4089		Q13485
SMCA1_HUMAN.H11MO.0.C	SMARCA1	12	C	0	vMWRGAAKMAWn	HOCOMOCOv11	ChIP-Seq	0.9123793846735598		3		442	Myb/SANT domain factors{3.5.1}	SMARCA-like factors{3.5.1.5}	11097	6594		P28370
SMCA5_HUMAN.H11MO.0.C	SMARCA5	15	C	0	GMvKnGAAWGSARWS	HOCOMOCOv11	ChIP-Seq	0.8050189775335321	0.5646302800704217	3	2	410	Myb/SANT domain factors{3.5.1}	SMARCA-like factors{3.5.1.5}	11101	8467		O60264
SNAI1_HUMAN.H11MO.0.C	SNAI1	8	C	0	vCAGGTGb	HOCOMOCOv9	Integrative					5	More than 3 adjacent zinc finger factors{2.3.3}	Snail-like factors{2.3.3.2}	11128	6615		O95863
SNAI2_HUMAN.H11MO.0.A	SNAI2	10	A	0	dRCAGGTGYn	HOCOMOCOv11	ChIP-Seq	0.9830352570052141	0.8404013181395069	11	3	500	More than 3 adjacent zinc finger factors{2.3.3}	Snail-like factors{2.3.3.2}	11094	6591		O43623
SOX10_HUMAN.H11MO.0.B	SOX10	16	B	0	vARdRvvnbYWTTGTb	HOCOMOCOv11	ChIP-Seq	0.9103856237205874	0.7632036591325587	3	3	500	SOX-related factors{4.1.1}	Group E{4.1.1.5}	11190	6663		P56693
SOX17_HUMAN.H11MO.0.C	SOX17	11	C	0	bCCATYKTbbb	HOCOMOCOv11	ChIP-Seq	0.8347739627302879		4		500	SOX-related factors{4.1.1}	Group F{4.1.1.6}	18122	64321		Q9H6I2
SOX2_HUMAN.H11MO.0.A	SOX2	13	A	0	bbYCTTTGTbhbb	HOCOMOCOv11	ChIP-Seq	0.9442415485390878	0.9217599281499689	67	109	500	SOX-related factors{4.1.1}	Group B{4.1.1.2}	11195	6657		P48431
SOX3_HUMAN.H11MO.0.B	SOX3	11	B	0	bYCWTTGTbhb	HOCOMOCOv11	ChIP-Seq	0.7169211617405029	0.8824389756201666	2	4	500	SOX-related factors{4.1.1}	Group B{4.1.1.2}	11199	6658		P41225
SOX4_HUMAN.H11MO.0.B	SOX4	12	B	0	bYCTTTGTYYbb	HOCOMOCOv11	ChIP-Seq	0.639614738320438	0.9783190527405211	2	7	500	SOX-related factors{4.1.1}	Group C{4.1.1.3}	11200	6659		Q06945
SOX5_HUMAN.H11MO.0.C	SOX5	8	C	0	bATTGTTh	HOCOMOCOv9	Integrative					69	SOX-related factors{4.1.1}	Group D{4.1.1.4}	11201	6660		P35711
SOX9_HUMAN.H11MO.0.B	SOX9	16	B	0	AAdRvnnbYWTTGTKY	HOCOMOCOv11	ChIP-Seq	0.7181183587575777	0.9814738162593991	6	25	500	SOX-related factors{4.1.1}	Group E{4.1.1.5}	11204	6662		P48436
SP1_HUMAN.H11MO.0.A	SP1	22	A	0	nRGGGGCGGGGCSdSSvSSSvS	HOCOMOCOv11	ChIP-Seq	0.9997379827477314	0.9568786241314247	53	11	499	Three-zinc finger Krüppel-related factors{2.3.1}	Sp1-like factors{2.3.1.1}	11205	6667		P08047
SP2_HUMAN.H11MO.0.A	SP2	22	A	0	SvvvvRRRGGCGGRRSbnvvSv	HOCOMOCOv10	ChIP-Seq	0.971990021009581		16		499	Three-zinc finger Krüppel-related factors{2.3.1}	Sp1-like factors{2.3.1.1}	11207	6668		Q02086
SP3_HUMAN.H11MO.0.B	SP3	20	B	0	vvvvvKGGGMGGRSvbdvvv	HOCOMOCOv9	Integrative					415	Three-zinc finger Krüppel-related factors{2.3.1}	Sp1-like factors{2.3.1.1}	11208	6670		Q02447
SP4_HUMAN.H11MO.0.A	SP4	20	A	0	vvSvdRRRGGMGGRGMhdvv	HOCOMOCOv11	ChIP-Seq	0.9834854825110978		5		499	Three-zinc finger Krüppel-related factors{2.3.1}	Sp1-like factors{2.3.1.1}	11209	6671		Q02446
SPI1_HUMAN.H11MO.0.A	SPI1	17	A	0	vvRRWRRGGAAGTGvvd	HOCOMOCOv11	ChIP-Seq	0.998789596548964	0.9968861851342249	80	204	500	Ets-related factors{3.5.2}	Spi-like factors{3.5.2.5}	11241	6688		P17947
SPIB_HUMAN.H11MO.0.A	SPIB	17	A	0	vvRRWRRGGAAGTGRvd	HOCOMOCOv11	ChIP-Seq	0.9979146501398	0.9489263383055907	12	3	500	Ets-related factors{3.5.2}	Spi-like factors{3.5.2.5}	11242	6689		Q01892
SRBP1_HUMAN.H11MO.0.A	SREBF1	11	A	0	dRKSRSGTGAb	HOCOMOCOv11	ChIP-Seq	0.9204768850030464	0.6695929231433003	5	23	500	bHLH-ZIP factors{1.2.6}	SREBP factors{1.2.6.3}	11289	6720		P36956
SRBP2_HUMAN.H11MO.0.B	SREBF2	13	B	0	vvvWGGvSWGRnb	HOCOMOCOv9	Integrative					2363	bHLH-ZIP factors{1.2.6}	SREBP factors{1.2.6.3}	11290	6721		Q12772
SRF_HUMAN.H11MO.0.A	SRF	18	A	0	hhbCCWWWTWTGGbvddd	HOCOMOCOv11	ChIP-Seq	0.9559623399757533	0.9791924965719108	46	37	131	Responders to external signals (SRF/RLM1){5.1.2}	SRF{5.1.2.0.1}	11291	6722		P11831
SRY_HUMAN.H11MO.0.B	SRY	9	B	0	bWTTGTWWh	HOCOMOCOv9	Integrative					108	SOX-related factors{4.1.1}	Group A{4.1.1.1}	11311	6736		Q05066
STA5A_HUMAN.H11MO.0.A	STAT5A	10	A	0	TTCYARGAAd	HOCOMOCOv11	ChIP-Seq	0.9319627552898505	0.9915441141182922	24	127	500	STAT factors{6.2.1}	STAT5A{6.2.1.0.5}	11366	6776		P42229
STA5B_HUMAN.H11MO.0.A	STAT5B	12	A	0	nTTCYTRGAAdh	HOCOMOCOv11	ChIP-Seq	0.9650076177385888	0.9570221860213325	16	31	501	STAT factors{6.2.1}	STAT5B{6.2.1.0.6}	11367	6777		P51692
STAT1_HUMAN.H11MO.0.A	STAT1	19	A	0	hbhnYTTCCnRGAARhShb	HOCOMOCOv11	ChIP-Seq	0.9867406475855036	0.9102927574071908	37	128	500	STAT factors{6.2.1}	STAT1{6.2.1.0.1}	11362	6772		P42224
STAT2_HUMAN.H11MO.0.A	STAT2	19	A	0	dvRRAAhhGAAASYdRRRv	HOCOMOCOv11	ChIP-Seq	0.9796409735903564	0.9941893803335708	11	8	500	STAT factors{6.2.1}	STAT2{6.2.1.0.2}	11363	6773		P52630
STAT3_HUMAN.H11MO.0.A	STAT3	12	A	0	bvhTTCCCRKAA	HOCOMOCOv11	ChIP-Seq	0.9526666485622576	0.9491235193169	36	82	500	STAT factors{6.2.1}	STAT3{6.2.1.0.3}	11364	6774		P40763
STAT4_HUMAN.H11MO.0.A	STAT4	11	A	0	YTTCYYdKMAv	HOCOMOCOv11	ChIP-Seq	0.9345770932528212	0.8870100059129382	7	10	500	STAT factors{6.2.1}	STAT4{6.2.1.0.4}	11365	6775		Q14765
STAT6_HUMAN.H11MO.0.B	STAT6	11	B	0	TTCYbWRGAAv	HOCOMOCOv11	ChIP-Seq	0.7655398647552825	0.9115508931804844	19	24	502	STAT factors{6.2.1}	STAT6{6.2.1.0.7}	11368	6778		P42226
STF1_HUMAN.H11MO.0.B	NR5A1	11	B	0	bbYCAAGGYCW	HOCOMOCOv11	ChIP-Seq	0.7585233878745958	0.8977597668575399	1	2	500	FTZ-F1-related receptors (NR5){2.1.5}	FTZ-F1 (SF-1) (NR5A1){2.1.5.0.1}	7983	2516		Q13285
SUH_HUMAN.H11MO.0.A	RBPJ	11	A	0	vbbSWGRGAAv	HOCOMOCOv11	ChIP-Seq	0.9252593153459968	0.9734332484939736	25	6	500	CSL-related factors{6.1.4}	M{6.1.4.1}	5724	3516		Q06330
TAF1_HUMAN.H11MO.0.A	TAF1	16	A	0	RRRRhGGMRGhRSvvv	HOCOMOCOv11	ChIP-Seq	0.8939519773593111	0.9104462972461655	61	2	500	TCF-7-related factors{4.1.3}	TAF-1 (TAF-2A, TAF(II)250) [1]{4.1.3.0.5}	11535	6872		P21675
TAL1_HUMAN.H11MO.0.A	TAL1	19	A	0	bKKbnnnnnvvWGATAASv	HOCOMOCOv11	ChIP-Seq	0.9779782175942717	0.9675325796393676	68	76	500	Tal-related factors{1.2.3}	Tal / HEN-like factors{1.2.3.1}	11556	6886		P17542
TBP_HUMAN.H11MO.0.A	TBP	10	A	0	MbATAWAWRS	HOCOMOCOv11	ChIP-Seq	0.8677253222406216	0.7975792217489237	21	45	149	TBP-related factors{8.1.1}	TBP{8.1.1.0.1}	11588	6908		P20226
TBX21_HUMAN.H11MO.0.A	TBX21	13	A	0	vdvddRSTGWKRn	HOCOMOCOv11	ChIP-Seq	0.8291042168977117	0.8313936364453818	7	17	497	TBrain-related factors{6.5.2}	TBX21 (T-bet){6.5.2.0.3}	11599	30009		Q9UL17
TBX3_HUMAN.H11MO.0.C	TBX3	11	C	0	dvWGGTGbnRv	HOCOMOCOv11	ChIP-Seq	0.9631778350877904	0.5834872520219773	2	3	420	TBX2-related factors{6.5.4}	TBX3{6.5.4.0.2}	11602	6926		O15119
TCF7_HUMAN.H11MO.0.A	TCF7	16	A	0	dvhvWSWTSAAARvnv	HOCOMOCOv11	ChIP-Seq	0.8469578822068354	0.9287230582673612	7	19	500	TCF-7-related factors{4.1.3}	TCF-7 (TCF-1) [1]{4.1.3.0.1}	11639	6932		P36402
TEAD1_HUMAN.H11MO.0.A	TEAD1	12	A	0	RCATTCCWdvvh	HOCOMOCOv11	ChIP-Seq	0.9691290284193992	0.9304365520206674	14	5	500	TEF-1-related factors{3.6.1}	TEF-1 (TEAD-1, TCF-13){3.6.1.0.1}	11714	7003		P28347
TEAD4_HUMAN.H11MO.0.A	TEAD4	13	A	0	RMATTCCWdvvhb	HOCOMOCOv11	ChIP-Seq	0.9707035044999943	0.9354563604699483	57	10	500	TEF-1-related factors{3.6.1}	TEF-3 (TEAD-4, TCF-13L1){3.6.1.0.2}	11717	7004		Q15561
TF65_HUMAN.H11MO.0.A	RELA	14	A	0	hdGGGRhTTTCChv	HOCOMOCOv11	ChIP-Seq	0.9766095871410527	0.9063626090576038	188	99	500	NF-kappaB-related factors{6.1.1}	NF-kappaB p65 subunit-like factors{6.1.1.2}	9955	5970		Q04206
TF7L1_HUMAN.H11MO.0.B	TCF7L1	13	B	0	dbbCTTTSAWSWb	HOCOMOCOv11	ChIP-Seq	0.9259450164457139	0.7409575034890606	10	10	500	TCF-7-related factors{4.1.3}	TCF-7L1 (TCF-3) [1]{4.1.3.0.2}	11640	83439		Q9HCS4
TF7L2_HUMAN.H11MO.0.A	TCF7L2	13	A	0	bbCTTTGATSYbb	HOCOMOCOv11	ChIP-Seq	0.9615646221392667	0.8878314324098526	46	10	500	TCF-7-related factors{4.1.3}	TCF-7L2 (TCF-4) [1]{4.1.3.0.3}	11641	6934		Q9NQB0
TFAP4_HUMAN.H11MO.0.A	TFAP4	10	A	0	hCAGCTGdKb	HOCOMOCOv11	ChIP-Seq	0.9234185750850925		7		503	bHLH-ZIP factors{1.2.6}	AP-4{1.2.6.4}	11745	7023		Q01664
TFDP1_HUMAN.H11MO.0.C	TFDP1	14	C	0	vvddSGCGGGAMdn	HOCOMOCOv11	ChIP-Seq	0.8707953351219392		3		500	E2F-related factors{3.3.2}	Dp-1{3.3.2.2}	11749	7027		Q14186
TFE2_HUMAN.H11MO.0.A	TCF3	11	A	0	vMCASCTGShn	HOCOMOCOv11	ChIP-Seq	0.9255476630449558	0.9773963428040655	9	60	503	E2A-related factors{1.2.1}	E2A (TCF-3, ITF-1){1.2.1.0.1}	11633	6929		P15923
TFE3_HUMAN.H11MO.0.B	TFE3	10	B	0	dGTCACGTGA	HOCOMOCOv11	ChIP-Seq	0.48334283250346294	0.9998638499122294	2	30	478	bHLH-ZIP factors{1.2.6}	TFE3-like factors{1.2.6.1}	11752	7030		P19532
TFEB_HUMAN.H11MO.0.C	TFEB	9	C	0	dGTCACGTG	HOCOMOCOv9	Integrative					301	bHLH-ZIP factors{1.2.6}	TFE3-like factors{1.2.6.1}	11753	7942		P19484
TGIF1_HUMAN.H11MO.0.A	TGIF1	7	A	0	WGACAGb	HOCOMOCOv11	ChIP-Seq	0.8611022953749097	0.9756785769784205	2	5	500	TALE-type homeo domain factors{3.1.4}	TGIF{3.1.4.6}	11776	7050		Q15583
THA11_HUMAN.H11MO.0.B	THAP11	22	B	0	KGSMTbCTGGGAvWTGTAGTYY	HOCOMOCOv11	ChIP-Seq	0.9424506798474379	0.7682248125440371	2	2	126	THAP-related factors{2.9.1}	THAP11 (HRIHFB2206){2.9.1.0.11}	23194	57215		Q96EK4
THAP1_HUMAN.H11MO.0.C	THAP1	22	C	0	vSSvKCCMYbKYbvnbbhKGSY	HOCOMOCOv10	ChIP-Seq	0.977497851471578		4		498	THAP-related factors{2.9.1}	THAP1{2.9.1.0.1}	20856	55145		Q9NVV9
THA_HUMAN.H11MO.0.C	THRA	17	C	0	dKKhvRnhbvAGGWSMb	HOCOMOCOv9	Integrative					75	Thyroid hormone receptor-related factors (NR1){2.1.2}	Thyroid hormone receptors (NR1A){2.1.2.2}	11796	7067		P10827
THB_HUMAN.H11MO.0.C	THRB	17	C	0	vRvSYvMbvKSAGGTCA	HOCOMOCOv9	Integrative					38	Thyroid hormone receptor-related factors (NR1){2.1.2}	Thyroid hormone receptors (NR1A){2.1.2.2}	11799	7068		P10828
TWST1_HUMAN.H11MO.0.A	TWIST1	17	A	0	vCAKMTGKWWbbvRTYW	HOCOMOCOv11	ChIP-Seq	0.969037249691967	0.5393526524650786	9	8	497	Tal-related factors{1.2.3}	Twist-like factors{1.2.3.2}	12428	7291		Q15672
TYY1_HUMAN.H11MO.0.A	YY1	12	A	0	MAARATGGCKSM	HOCOMOCOv11	ChIP-Seq	0.9810689528964623	0.9887268454879992	69	72	453	More than 3 adjacent zinc finger factors{2.3.3}	YY1-like factors{2.3.3.9}	12856	7528		P25490
USF1_HUMAN.H11MO.0.A	USF1	12	A	0	vGTCACGTGvbb	HOCOMOCOv11	ChIP-Seq	0.9981812508426887	0.9804345650948634	59	7	485	bHLH-ZIP factors{1.2.6}	USF factors{1.2.6.2}	12593	7391		P22415
USF2_HUMAN.H11MO.0.A	USF2	19	A	0	vvGTCACGTGvbvvbbvbb	HOCOMOCOv10	ChIP-Seq	0.9981640365267064	0.998290171447526	23	10	501	bHLH-ZIP factors{1.2.6}	USF factors{1.2.6.2}	12594	7392		Q15853
VDR_HUMAN.H11MO.0.A	VDR	16	A	0	vRGKKSAbhRRGKKYR	HOCOMOCOv11	ChIP-Seq	0.9425047641551371	0.9320976540274004	48	30	500	Thyroid hormone receptor-related factors (NR1){2.1.2}	Vitamin D receptor (NR1I){2.1.2.4}	12679	7421		P11473
VEZF1_HUMAN.H11MO.0.C	VEZF1	22	C	0	dRRRRdRdRGGARRRRRvdRRR	HOCOMOCOv11	ChIP-Seq	0.9089777178402096		5		500	Factors with multiple dispersed zinc fingers{2.3.4}	MAZ-like factors{2.3.4.8}	12949	7716		Q14119
WT1_HUMAN.H11MO.0.C	WT1	20	C	0	vvSnGRRGGAGGRRvvRRvR	HOCOMOCOv11	ChIP-Seq		0.9851252661695779		5	500	More than 3 adjacent zinc finger factors{2.3.3}	unclassified{2.3.3.0}	12796	7490		P19544
Z324A_HUMAN.H11MO.0.C	ZNF324	23	C	0	bvYYvMvCYhKCCYYdbMhbbMh	HOCOMOCOv11	ChIP-Seq	0.9858788818559019		3		500	More than 3 adjacent zinc finger factors{2.3.3}	ZNF324 factors{2.3.3.36}	14096	25799		O75467
Z354A_HUMAN.H11MO.0.C	ZNF354A	24	C	0	dYYYhddYYhYTTMYWYYYRdTRW	HOCOMOCOv11	ChIP-Seq	0.8944272187111193		3		496	More than 3 adjacent zinc finger factors{2.3.3}	ZNF354A-like factors{2.3.3.64}	11628	6940		O60765
ZBT14_HUMAN.H11MO.0.C	ZBTB14	9	C	0	vSAGCGCGS	HOCOMOCOv11	ChIP-Seq	0.8122490509168765		3		481	More than 3 adjacent zinc finger factors{2.3.3}	unclassified{2.3.3.0}	12860	7541		O43829
ZBT17_HUMAN.H11MO.0.A	ZBTB17	19	A	0	vndRvhGRRGGMdGRRvdd	HOCOMOCOv11	ChIP-Seq	0.9594150004379155	0.9112763347059005	21	25	513	Factors with multiple dispersed zinc fingers{2.3.4}	unclassified{2.3.4.0}	12936	7709		Q13105
ZBT18_HUMAN.H11MO.0.C	ZBTB18	11	C	0	bSCAGhTGYKb	HOCOMOCOv11	ChIP-Seq	0.8860162633772889		4		500	More than 3 adjacent zinc finger factors{2.3.3}	ZNF238-like factors{2.3.3.16}	13030	10472		Q99592
ZBT48_HUMAN.H11MO.0.C	ZBTB48	12	C	0	YhAGGGAbYvdv	HOCOMOCOv11	ChIP-Seq	0.8853656463893557		2		501	More than 3 adjacent zinc finger factors{2.3.3}	unclassified{2.3.3.0}	4930	3104		P10074
ZBT7A_HUMAN.H11MO.0.A	ZBTB7A	9	A	0	vRGGGKCbY	HOCOMOCOv11	ChIP-Seq	0.9292922050952235		12		500	More than 3 adjacent zinc finger factors{2.3.3}	ZBTB7 factors{2.3.3.8}	18078	51341		O95365
ZBTB6_HUMAN.H11MO.0.C	ZBTB6	13	C	0	KRhSMTRGAGMYd	HOCOMOCOv11	ChIP-Seq	0.8842103742074238		2		457	More than 3 adjacent zinc finger factors{2.3.3}	ZBTB6-like factors{2.3.3.11}	16764	10773		Q15916
ZEB1_HUMAN.H11MO.0.A	ZEB1	10	A	0	bvCAGGTRdR	HOCOMOCOv11	ChIP-Seq	0.9377025886807896		12		500	HD-ZF factors{3.1.8}	ZEB{3.1.8.3}	11642	6935		P37275
ZFP28_HUMAN.H11MO.0.C	ZFP28	20	C	0	YTCYRTTTCYTCWKRWKTSA	HOCOMOCOv11	ChIP-Seq	0.9926880834582423		3		417	More than 3 adjacent zinc finger factors{2.3.3}	unclassified{2.3.3.0}	17801	140612		Q8NHY6
ZFP42_HUMAN.H11MO.0.A	ZFP42	12	A	0	vRShGCCATYTY	HOCOMOCOv11	ChIP-Seq	0.9094744481238392	0.8002174713488021	3	2	500	More than 3 adjacent zinc finger factors{2.3.3}	YY1-like factors{2.3.3.9}	30949	132625		Q96MM3
ZFP82_HUMAN.H11MO.0.C	ZFP82	24	C	0	YTCChdYYbWbbRWdWYTYYYTYY	HOCOMOCOv11	ChIP-Seq	0.9301537824150213		3		500	More than 3 adjacent zinc finger factors{2.3.3}	ZFP30-like factors{2.3.3.63}	28682	284406		Q8N141
ZFX_HUMAN.H11MO.0.A	ZFX	10	A	0	vbAGGCCbvR	HOCOMOCOv11	ChIP-Seq	0.8265192030595178	0.9909403633959178	10	4	492	More than 3 adjacent zinc finger factors{2.3.3}	ZFX/ZFY factors{2.3.3.65}	12869	7543		P17010
ZIC1_HUMAN.H11MO.0.B	ZIC1	9	B	0	KGGGWGSKv	HOCOMOCOv9	Integrative					34	More than 3 adjacent zinc finger factors{2.3.3}	GLI-like factors{2.3.3.1}	12872	7545		Q15915
ZIC3_HUMAN.H11MO.0.B	ZIC3	15	B	0	dvvbhCCTGCTGdGn	HOCOMOCOv11	ChIP-Seq		0.9434576414115916		5	170	More than 3 adjacent zinc finger factors{2.3.3}	GLI-like factors{2.3.3.1}	12874	7547		O60481
ZIM3_HUMAN.H11MO.0.C	ZIM3	19	C	0	bdRGvTTTCTGTTdhhnbh	HOCOMOCOv11	ChIP-Seq	0.9891535053283426		3		471	More than 3 adjacent zinc finger factors{2.3.3}	unclassified{2.3.3.0}	16366	114026		Q96PE6
ZKSC1_HUMAN.H11MO.0.B	ZKSCAN1	19	B	0	dvhdbhCCTACTRWGYGYh	HOCOMOCOv11	ChIP-Seq		0.9605336211038284		6	500	More than 3 adjacent zinc finger factors{2.3.3}	ZNF24-like factors{2.3.3.10}	13101	7586		P17029
ZN121_HUMAN.H11MO.0.C	ZNF121	20	C	0	CKGGGCAAYAbAGYRAGACY	HOCOMOCOv11	ChIP-Seq	0.9199007223067119		2		486	More than 3 adjacent zinc finger factors{2.3.3}	unclassified{2.3.3.0}	12904	7675		P58317
ZN134_HUMAN.H11MO.0.C	ZNF134	22	C	0	KhvdbvhYYMAKCAGKKGMdGS	HOCOMOCOv11	ChIP-Seq	0.9233850953934138		4		500	Factors with multiple dispersed zinc fingers{2.3.4}	ZNF134-like factors{2.3.4.24}	12918	7693		P52741
ZN136_HUMAN.H11MO.0.C	ZNF136	24	C	0	TRCTGGRTAYARWATTCTKGGYTG	HOCOMOCOv11	ChIP-Seq	0.9072199916828384		3		365	More than 3 adjacent zinc finger factors{2.3.3}	ZNF763-like factors{2.3.3.33}	12920	7695		P52737
ZN140_HUMAN.H11MO.0.C	ZNF140	24	C	0	hvddvnbYWKCAATTCYRCTCMhh	HOCOMOCOv11	ChIP-Seq	0.9836200451646964		4		450	More than 3 adjacent zinc finger factors{2.3.3}	ZNF302-like factors{2.3.3.44}	12925	7699		P52738
ZN143_HUMAN.H11MO.0.A	ZNF143	22	A	0	dGSMYbMTGGGAddYGTAGTYY	HOCOMOCOv11	ChIP-Seq	0.9860637910711187	0.9830696132086663	28	9	500	More than 3 adjacent zinc finger factors{2.3.3}	ZNF76-like factors{2.3.3.28}	12928	7702		P52747
ZN214_HUMAN.H11MO.0.C	ZNF214	22	C	0	hhvWTbYKRdKSMhbTYSATKW	HOCOMOCOv11	ChIP-Seq	0.9263406848342312		2		264	More than 3 adjacent zinc finger factors{2.3.3}	ZNF214-like factors{2.3.3.56}	13006	7761		Q9UL59
ZN250_HUMAN.H11MO.0.C	ZNF250	20	C	0	TACCATRCTGTTTTGRTTAC	HOCOMOCOv11	ChIP-Seq	0.9043242591801471		4		360	More than 3 adjacent zinc finger factors{2.3.3}	unclassified{2.3.3.0}	13044	58500		P15622
ZN257_HUMAN.H11MO.0.C	ZNF257	12	C	0	KhYCTTGCCWCh	HOCOMOCOv11	ChIP-Seq	0.8666366574713285		4		432	More than 3 adjacent zinc finger factors{2.3.3}	unclassified{2.3.3.0}	13498	113835		Q9Y2Q1
ZN260_HUMAN.H11MO.0.C	ZNF260	24	C	0	TTTdYATRGCTGYATASTATTCCA	HOCOMOCOv11	ChIP-Seq	0.9213129645539148		4		443	More than 3 adjacent zinc finger factors{2.3.3}	ZNF146-like factors{2.3.3.55}	13499	339324		Q3ZCT1
ZN263_HUMAN.H11MO.0.A	ZNF263	20	A	0	RGGAGGASSvvSvRRvvvnv	HOCOMOCOv11	ChIP-Seq	0.9683416505892327		9		501	More than 3 adjacent zinc finger factors{2.3.3}	unclassified{2.3.3.0}	13056	10127		O14978
ZN264_HUMAN.H11MO.0.C	ZNF264	24	C	0	bhYbvhMWRGRCWCKRATYbhMYb	HOCOMOCOv11	ChIP-Seq	0.8116560594411216		2		500	More than 3 adjacent zinc finger factors{2.3.3}	ZNF460-like factors{2.3.3.54}	13057	9422		O43296
ZN274_HUMAN.H11MO.0.A	ZNF274	20	A	0	CAYMMWGGWRWGRARYSbWA	HOCOMOCOv11	ChIP-Seq	0.9753441678007692		26		500	More than 3 adjacent zinc finger factors{2.3.3}	unclassified{2.3.3.0}	13068	10782		Q96GC6
ZN281_HUMAN.H11MO.0.A	ZNF281	15	A	0	vRvdGGGGGWdGGGv	HOCOMOCOv11	ChIP-Seq	0.9676889750014396	0.9723166622220114	7	3	482	More than 3 adjacent zinc finger factors{2.3.3}	ZNF148-like factors{2.3.3.13}	13075	23528		Q9Y2X9
ZN317_HUMAN.H11MO.0.C	ZNF317	20	C	0	RRhWRACWRMWGAYWWYYbR	HOCOMOCOv11	ChIP-Seq	0.9048697221878241		2		455	More than 3 adjacent zinc finger factors{2.3.3}	unclassified{2.3.3.0}	13507	57693		Q96PQ6
ZN320_HUMAN.H11MO.0.C	ZNF320	20	C	0	KKKGGdYMhRKGGGCMddbK	HOCOMOCOv11	ChIP-Seq	0.9812830342443111		3		461	More than 3 adjacent zinc finger factors{2.3.3}	unclassified{2.3.3.0}	13842	162967		A2RRD8
ZN322_HUMAN.H11MO.0.B	ZNF322	20	B	0	RdKMCYRbYMCdSdGCYKSv	HOCOMOCOv11	ChIP-Seq	0.884164708084096	0.713060927828058	4	2	465	More than 3 adjacent zinc finger factors{2.3.3}	ZNF322-like factors{2.3.3.52}	23640	79692		Q6U7Q0
ZN329_HUMAN.H11MO.0.C	ZNF329	20	C	0	CTKGATCMARCYdYRCCTGA	HOCOMOCOv11	ChIP-Seq	0.8282809217095669		4		361	More than 3 adjacent zinc finger factors{2.3.3}	unclassified{2.3.3.0}	14209	79673		Q86UD4
ZN331_HUMAN.H11MO.0.C	ZNF331	20	C	0	GRYWGGGCTCAGCWGGRhRG	HOCOMOCOv11	ChIP-Seq	0.9889442015857535		3		458	More than 3 adjacent zinc finger factors{2.3.3}	unclassified{2.3.3.0}	15489	55422		Q9NQX6
ZN335_HUMAN.H11MO.0.A	ZNF335	22	A	0	RKSTGYCYnnnbhdvTGCCTSh	HOCOMOCOv11	ChIP-Seq	0.9598942535665511	0.9682827770660125	2	4	103	Factors with multiple dispersed zinc fingers{2.3.4}	unclassified{2.3.4.0}	15807	63925		Q9H4Z2
ZN341_HUMAN.H11MO.0.C	ZNF341	22	C	0	dvvRvRvdRvRRddGGAASRGM	HOCOMOCOv11	ChIP-Seq	0.8450079919251958		2		499	Factors with multiple dispersed zinc fingers{2.3.4}	unclassified{2.3.4.0}	15992	84905		Q9BYN7
ZN350_HUMAN.H11MO.0.C	ZNF350	18	C	0	vdbbYYYTTYhWdhYYhd	HOCOMOCOv11	ChIP-Seq	0.9780503862939746		3		501	More than 3 adjacent zinc finger factors{2.3.3}	ZNF350-like factors{2.3.3.30}	16656	59348		Q9GZX5
ZN382_HUMAN.H11MO.0.C	ZNF382	22	C	0	RYdRKRYCKGTWSTRvTKYCYC	HOCOMOCOv11	ChIP-Seq	0.9314637841388637		2		478	Factors with multiple dispersed zinc fingers{2.3.4}	ZNF37A-like factors{2.3.4.25}	17409	84911		Q96SR6
ZN384_HUMAN.H11MO.0.C	ZNF384	12	C	0	SGAAAAAvbnbv	HOCOMOCOv9	Integrative					39	More than 3 adjacent zinc finger factors{2.3.3}	ZNF362-like factors{2.3.3.37}	11955	171017		Q8TF68
ZN394_HUMAN.H11MO.0.C	ZNF394	20	C	0	nRARdRSMMdnvWhWRdRRd	HOCOMOCOv11	ChIP-Seq	0.8021025300875272		3		375	More than 3 adjacent zinc finger factors{2.3.3}	unclassified{2.3.3.0}	18832	84124		Q53GI3
ZN418_HUMAN.H11MO.0.C	ZNF418	17	C	0	TGYTTYYRKYYdMYbnb	HOCOMOCOv11	ChIP-Seq	0.9059354566687275		4		500	Factors with multiple dispersed zinc fingers{2.3.4}	ZNF417-like factors{2.3.4.1}	20647	147686		Q8TF45
ZN436_HUMAN.H11MO.0.C	ZNF436	24	C	0	KCMdGGARGRCTTCCTGGAGGAGG	HOCOMOCOv11	ChIP-Seq	0.9843715528910383		4		485	More than 3 adjacent zinc finger factors{2.3.3}	ZNF180-like factors{2.3.3.58}	20814	80818		Q9C0F3
ZN449_HUMAN.H11MO.0.C	ZNF449	11	C	0	dGGYTGGGCWb	HOCOMOCOv11	ChIP-Seq	0.9379931699354697		2		500	More than 3 adjacent zinc finger factors{2.3.3}	unclassified{2.3.3.0}	21039	203523		Q6P9G9
ZN467_HUMAN.H11MO.0.C	ZNF467	22	C	0	RGGGAGGRRvvRRRRRRRRRRv	HOCOMOCOv11	ChIP-Seq	0.9710851043765178		3		499	Factors with multiple dispersed zinc fingers{2.3.4}	unclassified{2.3.4.0}	23154	168544		Q7Z7K2
ZN490_HUMAN.H11MO.0.C	ZNF490	24	C	0	TRdGTYTCTTGWAGRCAGCAKAYM	HOCOMOCOv11	ChIP-Seq	0.9888194441397805		4		430	More than 3 adjacent zinc finger factors{2.3.3}	ZNF763-like factors{2.3.3.33}	23705	57474		Q9ULM2
ZN502_HUMAN.H11MO.0.C	ZNF502	20	C	0	GAATGGAATSGAATGGAATS	HOCOMOCOv11	ChIP-Seq	0.8762119813430983		3		156	More than 3 adjacent zinc finger factors{2.3.3}	unclassified{2.3.3.0}	23718	91392		Q8TBZ5
ZN528_HUMAN.H11MO.0.C	ZNF528	20	C	0	nnvRRGGAAGYCATTYCTbd	HOCOMOCOv11	ChIP-Seq	0.820498570459558		2		371	More than 3 adjacent zinc finger factors{2.3.3}	unclassified{2.3.3.0}	29384	84436		Q3MIS6
ZN547_HUMAN.H11MO.0.C	ZNF547	20	C	0	WSCWMAYKChRCWRRCRbdS	HOCOMOCOv11	ChIP-Seq	0.9014076888299041		4		405	More than 3 adjacent zinc finger factors{2.3.3}	unclassified{2.3.3.0}	26432	284306		Q8IVP9
ZN549_HUMAN.H11MO.0.C	ZNF549	20	C	0	WdYYAKSRRYhGGRCAGCMb	HOCOMOCOv11	ChIP-Seq	0.9483578320674002		3		500	More than 3 adjacent zinc finger factors{2.3.3}	unclassified{2.3.3.0}	26632	256051		Q6P9A3
ZN554_HUMAN.H11MO.0.C	ZNF554	20	C	0	RCdGRGYCRnbbRRdddvYh	HOCOMOCOv11	ChIP-Seq	0.8530480720214415		2		501	More than 3 adjacent zinc finger factors{2.3.3}	unclassified{2.3.3.0}	26629	115196		Q86TJ5
ZN563_HUMAN.H11MO.0.C	ZNF563	21	C	0	dKdnKCMbndShRKCMvChSh	HOCOMOCOv11	ChIP-Seq	0.8858876406017493		4		499	More than 3 adjacent zinc finger factors{2.3.3}	ZNF763-like factors{2.3.3.33}	30498	147837		Q8TA94
ZN582_HUMAN.H11MO.0.C	ZNF582	24	C	0	vKMWTGSWnTbGRMTGSAAdYAWM	HOCOMOCOv11	ChIP-Seq	0.8520652636809989		3		261	More than 3 adjacent zinc finger factors{2.3.3}	ZNF620-like factors{2.3.3.35}	26421	147948		Q96NG8
ZN586_HUMAN.H11MO.0.C	ZNF586	20	C	0	AGGCCTAGGAGGAAAAAATG	HOCOMOCOv11	ChIP-Seq	0.9996582990850863		4		472	More than 3 adjacent zinc finger factors{2.3.3}	unclassified{2.3.3.0}	25949	54807		Q9NXT0
ZN667_HUMAN.H11MO.0.C	ZNF667	19	C	0	vdKbChKbMRRWKYYShbh	HOCOMOCOv11	ChIP-Seq	0.8085962356311572		3		500	More than 3 adjacent zinc finger factors{2.3.3}	unclassified{2.3.3.0}	28854	63934		Q5HYK9
ZN680_HUMAN.H11MO.0.C	ZNF680	20	C	0	YRYRhCCARGAAGAATRAGG	HOCOMOCOv11	ChIP-Seq	0.9985381955500304		3		309	More than 3 adjacent zinc finger factors{2.3.3}	unclassified{2.3.3.0}	26897	340252		Q8NEM1
ZN708_HUMAN.H11MO.0.C	ZNF708	20	C	0	vvvhhddMRRnAGGYACAGC	HOCOMOCOv11	ChIP-Seq	0.8381959510333868		3		359	More than 3 adjacent zinc finger factors{2.3.3}	unclassified{2.3.3.0}	12945	7562		P17019
ZN768_HUMAN.H11MO.0.C	ZNF768	20	C	0	vRRGMWCAGAGAGGKbRRGb	HOCOMOCOv11	ChIP-Seq	0.8808144767379127		4		424	More than 3 adjacent zinc finger factors{2.3.3}	unclassified{2.3.3.0}	26273	79724		Q9H5H4
ZN770_HUMAN.H11MO.0.C	ZNF770	22	C	0	dGGAGGCYRRRRbdRRRGRvbb	HOCOMOCOv11	ChIP-Seq	0.9687280695111948		3		491	Factors with multiple dispersed zinc fingers{2.3.4}	unclassified{2.3.4.0}	26061	54989		Q6IQ21
ZN816_HUMAN.H11MO.0.C	ZNF816	21	C	0	vRvdvRdGGGGACMKGhhdRR	HOCOMOCOv11	ChIP-Seq	0.9498380332574482		4		430	More than 3 adjacent zinc finger factors{2.3.3}	ZNF816A-like factors{2.3.3.73}	26995	125893		Q0VGE8
ZNF18_HUMAN.H11MO.0.C	ZNF18	12	C	0	RGTGTGARYhbd	HOCOMOCOv11	ChIP-Seq	0.9519394925030213		4		500	More than 3 adjacent zinc finger factors{2.3.3}	unclassified{2.3.3.0}	12969	7566		P17022
ZNF41_HUMAN.H11MO.0.C	ZNF41	24	C	0	vRMRRGRRARhvvRvSACMAWSWR	HOCOMOCOv11	ChIP-Seq	0.8941583791180602		4		349	More than 3 adjacent zinc finger factors{2.3.3}	ZFN81-like factors{2.3.3.68}	13107	7592		P51814
ZNF76_HUMAN.H11MO.0.C	ZNF76	22	C	0	vddGSMYbSTGGGAvdKSKRRK	HOCOMOCOv11	ChIP-Seq	0.9850461916898958		4		498	More than 3 adjacent zinc finger factors{2.3.3}	ZNF76-like factors{2.3.3.28}	13149	7629		P36508
ZNF85_HUMAN.H11MO.0.C	ZNF85	20	C	0	RdWRRMRWvKGMWGbAATCW	HOCOMOCOv11	ChIP-Seq	0.8993418784130502		4		500	More than 3 adjacent zinc finger factors{2.3.3}	unclassified{2.3.3.0}	13160	7639		Q03923
ZNF8_HUMAN.H11MO.0.C	ZNF8	22	C	0	TGTGGTAYATCCATWYARTGGA	HOCOMOCOv11	ChIP-Seq	0.9822698239743977		3		417	Factors with multiple dispersed zinc fingers{2.3.4}	unclassified{2.3.4.0}	13154	7554		P17098
ZSC22_HUMAN.H11MO.0.C	ZSCAN22	16	C	0	dRbShGAdGGMGGMGG	HOCOMOCOv11	ChIP-Seq	0.9318698039045454		2		476	More than 3 adjacent zinc finger factors{2.3.3}	unclassified{2.3.3.0}	4929	342945		P10073
ZSC31_HUMAN.H11MO.0.C	ZSCAN31	18	C	0	dKSMGCRGGGCMdKdRdv	HOCOMOCOv11	ChIP-Seq	0.80241781326601		4		407	More than 3 adjacent zinc finger factors{2.3.3}	ZNF24-like factors{2.3.3.10}	14097	64288		Q96LW9
